Neighborhood,OverallQual,AgeBuildind,ExterQual,BsmtQual,TotalBsmtSF,CentralAir,GrLivArea,TotalArea,FullBath,KitchenQual,TotRmsAbvGrd,FireplaceQu,GarageCars,GarageType_2Types,GarageType_Attchd,GarageType_Basment,GarageType_BuiltIn,GarageType_CarPort,GarageType_Detchd,GarageType_No
5,7,5,4,4,856,1,1710,2566,2,4,8,0,2,0,1,0,0,0,0,0
24,6,31,3,4,1262,1,1262,2524,2,3,6,3,2,0,1,0,0,0,0,0
5,7,7,4,4,920,1,1786,2706,2,4,6,3,2,0,1,0,0,0,0,0
6,7,91,3,3,756,1,1717,2473,1,4,7,4,3,0,0,0,0,0,1,0
15,8,8,4,4,1145,1,2198,3343,2,4,9,3,3,0,1,0,0,0,0,0
11,5,16,3,4,796,1,1362,2158,1,3,5,0,2,0,1,0,0,0,0,0
21,8,3,4,5,1686,1,1694,3380,2,4,7,4,2,0,1,0,0,0,0,0
14,7,36,3,4,1107,1,2090,3197,2,3,7,3,2,0,1,0,0,0,0,0
17,7,77,3,3,952,1,1774,2726,2,3,8,3,2,0,0,0,0,0,1,0
3,5,69,3,3,991,1,1077,2068,1,3,5,3,1,0,1,0,0,0,0,0
19,5,43,3,3,1040,1,1040,2080,1,3,5,0,1,0,0,0,0,0,1,0
16,9,1,5,5,1175,1,2324,3499,3,5,11,4,3,0,0,0,1,0,0,0
19,5,46,3,3,912,1,912,1824,1,3,4,0,1,0,0,0,0,0,1,0
5,7,1,4,4,1494,1,1494,2988,2,4,7,4,3,0,1,0,0,0,0,0
12,6,48,3,3,1253,1,1253,2506,1,3,5,2,1,0,1,0,0,0,0,0
3,7,78,3,3,832,1,854,1686,1,3,5,0,2,0,0,0,0,0,1,0
12,6,40,3,3,1004,1,1004,2008,1,3,5,3,2,0,1,0,0,0,0,0
19,4,39,3,0,0,1,1296,1296,2,3,6,0,2,0,0,0,0,1,0,0
20,5,4,3,3,1114,1,1114,2228,1,4,6,0,2,0,0,0,0,0,1,0
12,5,51,3,3,1029,1,1339,2368,1,3,6,0,1,0,1,0,0,0,0,0
16,8,1,4,5,1158,1,2376,3534,3,4,9,4,3,0,0,0,1,0,0,0
9,7,77,3,3,637,1,1108,1745,1,4,6,4,1,0,1,0,0,0,0,0
5,8,6,4,4,1777,1,1795,3572,2,4,7,4,2,0,1,0,0,0,0,0
10,5,31,3,4,1040,1,1060,2100,1,3,6,3,2,0,1,0,0,0,0,0
19,5,42,3,3,1060,1,1060,2120,1,4,6,3,1,0,1,0,0,0,0,0
16,8,2,4,4,1566,1,1600,3166,2,4,7,4,3,0,1,0,0,0,0,0
12,5,59,3,3,900,1,900,1800,1,4,5,0,2,0,0,0,0,0,1,0
16,8,3,4,5,1704,1,1704,3408,2,4,7,4,3,0,1,0,0,0,0,0
12,5,49,3,3,1484,1,1600,3084,1,3,6,4,1,0,1,0,0,0,0,0
3,4,81,3,3,520,0,520,1040,1,2,4,0,1,0,0,0,0,0,1,0
9,4,88,3,3,649,0,1317,1966,1,3,6,0,1,0,0,0,0,0,1,0
19,5,42,3,3,1228,1,1228,2456,1,4,6,0,1,0,1,0,0,0,0,0
5,8,1,4,5,1234,1,1234,2468,2,4,7,0,2,0,1,0,0,0,0,0
12,5,51,3,3,1398,1,1700,3098,1,4,6,4,2,0,1,0,0,0,0,0
16,9,2,5,5,1561,1,1561,3122,2,5,6,4,2,0,1,0,0,0,0,0
16,8,2,4,5,1117,1,2452,3569,3,4,9,4,3,0,0,0,1,0,0,0
5,5,15,3,4,1097,1,1097,2194,1,3,6,0,2,0,1,0,0,0,0,0
12,5,55,3,3,1297,1,1297,2594,1,3,5,3,2,0,1,0,0,0,0,0
12,5,57,3,3,1057,1,1057,2114,1,4,5,0,1,0,0,0,0,0,1,0
7,4,53,3,0,0,0,1152,1152,2,2,6,0,0,0,0,0,0,0,0,1
12,6,41,3,3,1088,1,1324,2412,2,3,6,3,2,0,1,0,0,0,0,0
23,5,48,3,3,1350,1,1328,2678,1,3,5,4,1,0,1,0,0,0,0,0
20,5,24,3,4,840,1,884,1724,1,4,5,0,2,0,1,0,0,0,0,0
5,5,33,3,4,938,1,938,1876,1,3,5,0,1,0,0,0,0,0,1,0
12,5,47,3,3,1150,1,1150,2300,1,3,6,0,1,0,1,0,0,0,0,0
16,9,5,5,5,1752,1,1752,3504,2,5,6,4,2,0,1,0,0,0,0,0
11,7,6,4,5,1434,1,2149,3583,1,4,6,5,2,0,1,0,0,0,0,0
21,8,1,4,4,1656,1,1656,3312,2,4,7,0,3,0,1,0,0,0,0,0
17,4,89,3,3,736,1,1452,2188,2,3,8,0,0,0,0,0,0,0,0,1
19,5,41,3,3,955,1,955,1910,1,3,6,0,1,0,1,0,0,0,0,0
8,6,10,3,4,794,1,1470,2264,2,3,6,0,2,0,1,0,0,0,0,0
3,6,72,3,3,816,1,1176,1992,1,3,6,4,2,0,0,0,0,0,1,0
9,5,47,2,4,816,0,816,1632,1,3,5,0,2,0,0,0,0,1,0,0
24,9,25,4,5,1842,1,1842,3684,0,4,5,4,3,0,1,0,0,0,0,0
12,5,52,3,3,384,1,1360,1744,1,3,6,3,2,0,0,0,0,0,1,0
12,6,44,3,3,1425,1,1425,2850,2,3,7,4,2,0,1,0,0,0,0,0
21,8,10,4,4,970,1,1739,2709,2,4,7,0,2,0,1,0,0,0,0,0
5,7,2,4,4,860,1,1720,2580,2,4,7,0,2,0,1,0,0,0,0,0
22,10,0,5,5,1410,1,2945,4355,3,4,10,4,3,0,0,0,1,0,0,0
5,5,36,3,3,780,1,780,1560,1,3,4,0,1,0,0,0,0,0,1,0
20,6,2,3,4,1158,1,1158,2316,1,4,5,0,2,0,0,0,0,0,1,0
9,5,87,3,3,530,0,1111,1641,1,2,6,0,1,0,0,0,0,0,1,0
16,8,1,4,4,1370,1,1370,2740,2,4,6,4,2,0,1,0,0,0,0,0
17,7,89,3,3,576,1,1710,2286,2,3,9,0,2,0,0,0,0,0,1,0
5,7,12,3,4,1057,1,2034,3091,2,4,8,0,2,0,1,0,0,0,0,0
16,8,3,4,5,1143,1,2473,3616,2,4,9,4,3,0,0,0,1,0,0,0
12,7,40,3,4,1947,1,2207,4154,2,3,7,4,2,0,1,0,0,0,0,0
5,7,4,4,4,1453,1,1479,2932,2,4,7,0,2,0,1,0,0,0,0,0
17,4,65,3,3,747,1,747,1494,1,3,4,0,1,0,1,0,0,0,0,0
4,7,53,4,3,1304,1,2287,3591,2,3,7,3,2,0,1,0,0,0,0,0
12,7,34,3,4,2223,1,2223,4446,2,3,8,4,2,0,1,0,0,0,0,0
11,4,25,3,3,845,1,845,1690,1,3,4,0,2,0,0,0,0,0,1,0
8,7,11,3,4,832,1,1718,2550,2,3,7,3,2,0,1,0,0,0,0,0
12,5,56,3,3,1086,1,1086,2172,1,3,6,0,2,0,1,0,0,0,0,0
17,3,95,4,2,840,0,1605,2445,2,3,8,0,1,0,0,0,0,0,1,0
10,4,36,3,4,462,1,988,1450,1,3,5,0,1,0,0,0,1,0,0,0
12,4,52,3,3,952,1,952,1904,1,3,4,0,1,0,0,0,0,0,1,0
3,5,60,3,3,672,1,1285,1957,1,3,6,0,1,0,0,0,0,0,1,0
19,4,42,3,3,1768,0,1768,3536,2,3,8,0,0,0,0,0,0,0,0,1
17,5,99,3,3,440,1,1230,1670,1,3,5,0,2,0,0,0,0,0,1,0
12,6,41,3,4,896,1,2142,3038,2,4,8,4,1,0,1,0,0,0,0,0
11,6,8,3,5,1237,1,1337,2574,2,3,5,0,2,0,1,0,0,0,0,0
21,8,1,3,4,1563,1,1563,3126,2,4,6,4,3,0,1,0,0,0,0,0
12,5,47,3,3,1065,1,1065,2130,1,3,6,0,2,0,0,0,0,0,1,0
8,7,14,3,4,384,1,1474,1858,2,3,7,3,2,0,0,0,1,0,0,0
15,8,15,4,4,1288,1,2417,3705,2,4,9,3,2,0,1,0,0,0,0,0
8,6,4,4,4,684,1,1560,2244,2,4,6,4,2,0,0,0,1,0,0,0
21,6,0,4,4,612,1,1224,1836,2,4,4,0,2,0,0,0,0,0,1,0
9,3,94,2,3,1013,0,1526,2539,1,2,6,0,0,0,0,0,0,0,0,1
5,4,13,3,4,990,1,990,1980,1,3,5,0,0,0,0,0,0,0,0,1
12,4,56,3,0,0,1,1040,1040,1,3,4,0,2,0,0,0,0,0,1,0
12,5,45,3,3,1235,1,1235,2470,1,3,6,0,2,0,1,0,0,0,0,0
6,5,88,3,4,876,1,964,1840,1,3,5,0,2,0,0,0,0,0,1,0
17,6,97,3,3,1214,0,2291,3505,2,3,9,4,2,0,0,0,0,0,1,0
5,6,10,3,4,824,1,1786,2610,2,4,7,0,2,0,1,0,0,0,0,0
8,6,16,5,4,680,1,1470,2150,2,3,6,3,2,0,0,0,1,0,0,0
5,7,7,4,4,1588,1,1588,3176,2,4,6,0,2,0,1,0,0,0,0,0
7,4,42,3,3,960,1,960,1920,1,3,6,0,1,0,1,0,0,0,0,0
7,5,90,3,3,458,0,835,1293,1,3,5,0,1,0,0,1,0,0,0,0
12,4,51,3,3,950,1,1225,2175,1,3,6,0,0,0,0,0,0,0,0,1
14,6,33,3,3,1610,1,1610,3220,2,4,6,3,2,0,1,0,0,0,0,0
20,6,25,4,4,741,1,1732,2473,2,4,7,3,2,0,1,0,0,0,0,0
20,5,30,3,0,0,1,1535,1535,2,3,8,0,2,0,1,0,0,0,0,0
5,7,1,3,4,1226,1,1226,2452,2,4,6,0,3,0,1,0,0,0,0,0
9,7,76,3,3,1040,1,1818,2858,1,3,7,3,1,0,0,0,0,0,1,0
21,8,5,4,5,1053,1,1992,3045,2,4,9,4,2,0,1,0,0,0,0,0
17,4,122,3,2,641,1,1047,1688,1,3,6,0,1,0,0,0,0,0,1,0
17,5,60,3,3,789,1,789,1578,1,3,5,0,1,0,0,0,0,0,1,0
9,5,88,3,3,793,0,1517,2310,2,2,7,0,0,0,0,0,0,0,0,1
14,6,33,3,4,1844,1,1844,3688,2,3,7,3,2,0,1,0,0,0,0,0
7,6,52,3,3,994,1,1855,2849,2,3,7,0,1,0,1,0,0,0,0,0
8,7,10,3,4,384,1,1430,1814,2,3,7,3,2,0,0,0,1,0,0,0
5,7,0,4,5,1264,1,2696,3960,2,5,10,4,3,0,0,0,1,0,0,0
6,6,54,3,4,1809,1,2259,4068,2,4,7,4,2,0,0,1,0,0,0,0
6,6,62,3,3,1028,1,2320,3348,2,4,9,3,1,0,0,0,0,0,1,0
21,6,8,3,4,729,1,1458,2187,2,3,5,2,2,0,0,0,0,0,1,0
19,5,47,3,3,1092,1,1092,2184,1,3,6,1,1,0,1,0,0,0,0,0
7,5,1,3,4,1125,1,1125,2250,1,3,5,0,2,0,1,0,0,0,0,0
20,7,20,3,4,1673,1,3222,4895,3,4,11,3,3,0,1,0,0,0,0,0
5,6,1,4,4,728,1,1456,2184,2,4,8,4,2,0,1,0,0,0,0,0
4,6,37,3,3,938,1,988,1926,1,3,4,3,2,0,1,0,0,0,0,0
9,4,68,3,3,732,1,1123,1855,1,3,4,0,1,0,0,0,0,0,1,0
12,6,50,3,3,1080,1,1080,2160,1,3,5,0,1,0,1,0,0,0,0,0
20,6,15,4,4,1199,1,1199,2398,2,4,5,0,2,0,1,0,0,0,0,0
14,6,30,3,4,1362,1,1586,2948,2,3,7,3,2,0,1,0,0,0,0,0
9,6,71,3,3,520,0,754,1274,1,3,5,0,0,0,0,0,0,0,0,1
13,6,31,3,4,1078,1,958,2036,2,3,5,3,2,0,1,0,0,0,0,0
17,5,77,3,3,672,1,840,1512,1,3,5,3,0,0,0,0,0,0,0,1
12,6,40,3,3,660,1,1348,2008,1,3,6,2,2,0,1,0,0,0,0,0
12,5,48,3,3,1008,1,1053,2061,1,5,6,0,2,1,0,0,0,0,0,0
12,7,40,3,3,924,1,2157,3081,2,4,8,4,2,0,1,0,0,0,0,0
8,6,9,4,4,992,1,2054,3046,2,4,7,3,2,0,0,0,1,0,0,0
12,5,48,3,3,1063,1,1327,2390,1,4,7,0,2,0,0,0,0,0,1,0
23,8,8,4,5,1267,1,1296,2563,2,4,6,0,2,0,1,0,0,0,0,0
19,5,38,3,3,1461,1,1721,3182,2,3,7,3,2,0,1,0,0,0,0,0
14,7,38,3,3,1304,1,1682,2986,2,3,7,4,2,0,1,0,0,0,0,0
12,5,40,3,3,1214,1,1214,2428,2,3,5,2,1,0,1,0,0,0,0,0
11,7,18,3,3,1907,1,1959,3866,3,3,9,0,3,1,0,0,0,0,0,0
5,8,9,4,4,1004,1,1852,2856,2,4,7,3,3,0,1,0,0,0,0,0
5,6,12,3,4,928,1,1764,2692,2,4,7,0,2,0,1,0,0,0,0,0
12,4,39,3,3,864,1,864,1728,1,3,5,1,0,0,0,0,0,0,0,1
5,7,1,4,4,1734,1,1734,3468,2,4,7,0,2,0,1,0,0,0,0,0
12,5,58,3,3,910,1,1385,2295,2,3,6,0,2,0,0,0,0,0,1,0
5,7,10,4,4,1490,1,1501,2991,2,4,6,0,2,0,1,0,0,0,0,0
19,5,43,3,3,1728,1,1728,3456,2,3,10,0,2,0,0,0,0,0,1,0
7,6,2,4,4,970,1,1709,2679,2,4,7,0,2,0,0,0,0,0,1,0
3,5,78,3,3,715,1,875,1590,1,3,5,0,1,0,0,0,0,0,1,0
8,7,9,4,4,884,1,2035,2919,2,4,8,4,2,0,0,0,1,0,0,0
20,7,4,3,4,1080,1,1080,2160,1,4,6,0,0,0,0,0,0,0,0,1
3,5,70,3,4,896,1,1344,2240,1,3,7,0,1,0,0,0,0,0,1,0
5,5,32,3,3,969,1,969,1938,1,3,5,0,2,0,1,0,0,0,0,0
16,8,1,4,5,1710,1,1710,3420,2,4,6,4,3,0,1,0,0,0,0,0
14,6,35,3,3,825,1,1993,2818,2,3,8,4,2,0,1,0,0,0,0,0
4,6,48,3,4,1602,1,1252,2854,1,3,4,4,2,0,1,0,0,0,0,0
17,6,83,3,3,1200,1,1200,2400,1,3,7,0,1,0,0,0,0,0,1,0
7,6,84,3,3,572,0,1096,1668,1,3,5,0,0,0,0,0,0,0,0,1
12,5,56,3,0,0,1,1040,1040,1,3,5,0,2,0,0,0,0,0,1,0
23,8,1,4,5,774,1,1968,2742,2,5,8,4,3,0,0,0,1,0,0,0
21,7,6,4,4,991,1,1947,2938,2,4,8,4,2,0,1,0,0,0,0,0
8,7,1,4,4,1392,1,2462,3854,2,4,9,4,2,0,1,0,0,0,0,0
24,6,24,3,4,1232,1,1232,2464,2,3,6,0,2,0,1,0,0,0,0,0
16,9,5,4,5,1572,1,2668,4240,2,5,10,4,3,0,0,0,1,0,0,0
16,7,5,4,4,1541,1,1541,3082,2,4,7,4,2,0,1,0,0,0,0,0
17,4,51,3,3,882,1,882,1764,1,3,4,0,0,0,0,0,0,0,0,1
17,6,81,3,3,1149,1,1616,2765,2,4,5,0,1,0,0,0,0,0,1,0
7,5,68,3,3,644,1,1355,1999,2,3,6,0,0,0,0,0,0,0,0,1
4,5,54,4,3,1617,1,1867,3484,1,3,7,4,1,0,1,0,0,0,0,0
16,8,0,4,5,1582,1,2161,3743,1,5,8,4,3,0,1,0,0,0,0,0
8,7,3,4,4,840,1,1720,2560,2,4,7,4,2,0,1,0,0,0,0,0
23,8,25,4,4,1686,1,1707,3393,2,3,6,3,2,0,1,0,0,0,0,0
17,5,66,3,3,720,1,1382,2102,1,3,7,0,2,0,0,0,0,0,1,0
12,6,50,3,3,1080,1,1656,2736,1,3,7,4,2,0,1,0,0,0,0,0
22,7,19,4,4,1064,1,1767,2831,2,4,5,3,2,0,1,0,0,0,0,0
12,6,47,3,3,1362,1,1362,2724,1,3,6,3,2,0,1,0,0,0,0,0
23,6,22,3,4,1606,1,1651,3257,2,3,7,3,2,0,1,0,0,0,0,0
7,6,57,3,3,1202,1,2158,3360,2,4,7,4,2,0,1,0,0,0,0,0
4,6,19,4,4,1151,1,2060,3211,2,3,8,3,2,0,1,0,0,0,0,0
19,5,48,4,3,1052,1,1920,2972,2,4,8,4,2,0,1,0,0,0,0,0
22,9,1,5,5,2216,1,2234,4450,2,5,9,4,3,0,1,0,0,0,0,0
17,5,84,4,3,968,1,968,1936,1,3,5,0,2,0,0,0,0,0,1,0
21,6,7,4,4,756,1,1525,2281,2,4,5,3,2,0,0,0,0,0,1,0
6,7,86,3,2,793,1,1802,2595,1,3,9,4,1,0,0,0,0,0,1,0
7,5,50,3,0,0,1,1340,1340,1,3,7,4,1,0,1,0,0,0,0,0
17,7,5,3,4,1362,1,2082,3444,2,4,6,0,2,0,0,0,0,0,1,0
3,5,98,3,2,504,1,1252,1756,1,3,5,0,2,0,1,0,0,0,0,0
17,10,114,4,3,1107,1,3608,4715,2,5,12,3,3,0,0,0,0,0,1,0
11,7,19,3,4,1188,1,1217,2405,2,4,6,0,2,0,1,0,0,0,0,0
17,5,93,3,2,660,1,1656,2316,2,3,8,0,1,0,0,0,0,0,1,0
20,5,30,3,4,1086,1,1224,2310,0,3,6,3,2,0,0,0,0,0,1,0
22,8,7,4,5,1593,1,1593,3186,1,5,5,4,2,0,1,0,0,0,0,0
6,8,75,4,4,853,1,2727,3580,2,4,10,3,2,0,0,0,0,0,1,0
12,7,35,3,3,725,1,1479,2204,1,4,7,0,2,0,1,0,0,0,0,0
5,7,10,4,4,1431,1,1431,2862,2,4,6,0,2,0,1,0,0,0,0,0
7,7,2,4,4,970,1,1709,2679,2,4,7,0,2,0,0,0,0,0,1,0
5,5,36,3,3,864,1,864,1728,1,3,5,0,1,0,0,0,0,0,1,0
13,6,33,3,4,855,1,1456,2311,2,3,7,3,2,0,1,0,0,0,0,0
21,7,0,5,5,1726,1,1726,3452,2,5,8,4,3,0,1,0,0,0,0,0
12,8,88,4,3,1360,1,3112,4472,2,4,8,5,2,0,0,0,0,0,1,0
17,6,97,3,3,755,1,2229,2984,1,3,8,0,0,0,0,0,0,0,0,1
16,8,5,4,5,1713,1,1713,3426,2,5,7,4,3,0,1,0,0,0,0,0
7,4,7,3,4,1121,1,1121,2242,2,3,5,0,2,0,1,0,0,0,0,0
11,6,31,3,3,1196,1,1279,2475,2,3,6,2,2,0,0,0,0,0,1,0
17,6,82,3,2,617,1,1310,1927,2,3,6,0,1,0,1,0,0,0,0,0
5,6,4,4,4,848,1,848,1696,1,4,3,4,2,0,1,0,0,0,0,0
17,5,62,3,3,720,1,1284,2004,1,3,5,0,1,0,0,0,0,0,1,0
8,7,19,3,4,1424,1,1442,2866,2,3,5,0,2,0,1,0,0,0,0,0
19,5,45,3,3,1140,1,1696,2836,1,3,8,3,1,0,1,0,0,0,0,0
12,4,48,3,3,1100,1,1100,2200,1,3,6,1,1,0,1,0,0,0,0,0
20,7,19,4,4,1157,1,2062,3219,2,3,7,4,2,0,1,0,0,0,0,0
12,6,44,3,4,1092,1,1092,2184,1,3,6,0,2,0,1,0,0,0,0,0
7,5,83,3,3,864,0,864,1728,1,3,5,0,0,0,0,0,0,0,0,1
7,6,1,3,4,1212,1,1212,2424,2,4,6,0,2,0,1,0,0,0,0,0
21,7,0,3,4,900,1,1852,2752,2,4,7,3,2,0,1,0,0,0,0,0
5,5,11,3,4,990,1,990,1980,1,3,5,0,2,0,1,0,0,0,0,0
5,6,33,3,4,689,1,1392,2081,1,3,6,0,1,0,1,0,0,0,0,0
12,5,49,3,3,1070,1,1236,2306,1,4,6,2,1,0,1,0,0,0,0,0
5,7,4,4,4,1436,1,1436,2872,2,4,8,0,2,0,1,0,0,0,0,0
17,4,81,3,3,686,0,1328,2014,1,3,8,0,1,0,0,0,0,0,1,0
6,7,69,4,3,798,1,1954,2752,1,4,8,3,2,0,1,0,0,0,0,0
0,7,1,4,4,1248,1,1248,2496,2,4,5,0,2,0,1,0,0,0,0,0
5,7,0,4,4,1498,1,1498,2996,2,4,5,0,2,0,1,0,0,0,0,0
8,6,7,4,4,1010,1,2267,3277,2,4,8,3,2,0,0,0,1,0,0,0
14,6,31,3,4,713,1,1552,2265,2,3,6,3,2,0,1,0,0,0,0,0
12,4,38,3,3,864,1,864,1728,1,3,4,0,2,0,0,0,0,0,1,0
16,10,6,5,5,2392,1,2392,4784,2,5,8,5,3,0,1,0,0,0,0,0
2,5,38,3,3,630,1,1302,1932,2,3,6,0,1,0,0,0,0,0,1,0
15,7,12,4,4,1203,1,2520,3723,2,4,9,3,3,0,1,0,0,0,0,0
2,6,38,3,3,483,1,987,1470,1,3,5,0,1,0,0,0,0,0,1,0
19,5,43,3,3,912,1,912,1824,1,3,5,2,1,0,0,0,0,0,1,0
0,7,4,4,4,1373,1,1555,2928,2,4,7,3,2,0,1,0,0,0,0,0
12,6,51,3,3,1194,1,1194,2388,1,3,6,0,1,0,1,0,0,0,0,0
15,8,14,4,4,1462,1,2794,4256,2,5,9,3,3,0,1,0,0,0,0,0
2,6,34,3,3,483,1,987,1470,1,3,5,1,1,0,1,0,0,0,0,0
5,5,34,3,3,894,1,894,1788,1,3,5,0,1,0,1,0,0,0,0,0
8,6,8,4,4,860,1,1960,2820,2,4,8,3,2,0,0,0,1,0,0,0
2,6,37,3,3,483,1,987,1470,1,3,5,0,1,0,0,0,0,0,1,0
5,7,6,4,4,1414,1,1414,2828,2,4,6,0,2,0,1,0,0,0,0,0
20,7,17,4,4,996,1,1744,2740,2,4,7,0,2,0,1,0,0,0,0,0
16,8,0,5,5,1694,1,1694,3388,2,4,7,0,3,0,1,0,0,0,0,0
7,6,65,3,3,735,1,1487,2222,1,3,7,4,1,0,0,0,0,0,1,0
21,8,2,4,4,1566,1,1566,3132,2,4,7,0,2,0,1,0,0,0,0,0
17,5,62,3,3,686,1,866,1552,1,4,4,0,0,0,0,0,0,0,0,1
17,5,106,3,3,540,0,1440,1980,1,3,6,0,1,0,1,0,0,0,0,0
20,6,29,3,4,626,1,1217,1843,1,3,6,3,1,0,1,0,0,0,0,0
20,7,16,4,4,948,1,2110,3058,2,4,8,2,2,0,1,0,0,0,0,0
14,7,18,3,4,1845,1,1872,3717,2,3,6,3,2,0,1,0,0,0,0,0
17,6,96,3,2,1020,0,1928,2948,2,2,9,0,1,0,0,0,0,0,1,0
12,6,52,3,3,1367,1,1375,2742,1,3,5,3,2,0,1,0,0,0,0,0
5,7,4,4,4,840,1,1668,2508,2,4,8,0,2,0,1,0,0,0,0,0
4,6,49,4,4,1444,1,2144,3588,2,4,7,3,2,0,1,0,0,0,0,0
3,3,70,3,3,728,1,1306,2034,1,2,6,0,0,0,0,0,0,0,0,1
6,8,1,4,4,1573,1,1625,3198,2,4,5,4,2,0,1,0,0,0,0,0
20,6,4,4,4,798,1,1640,2438,2,4,6,0,2,0,1,0,0,0,0,0
12,6,43,3,4,1302,1,1302,2604,2,4,7,0,1,0,1,0,0,0,0,0
12,5,53,3,3,1314,1,1314,2628,1,3,5,0,1,0,1,0,0,0,0,0
8,7,7,4,4,975,1,2291,3266,2,4,8,3,2,0,0,0,1,0,0,0
21,6,5,4,4,864,1,1728,2592,2,4,7,0,2,0,1,0,0,0,0,0
5,7,3,4,4,1604,1,1604,3208,2,4,8,4,2,0,1,0,0,0,0,0
5,7,7,4,4,963,1,1792,2755,2,4,7,3,2,0,1,0,0,0,0,0
17,5,52,3,0,0,1,882,882,1,3,4,0,1,0,0,0,0,0,1,0
12,6,47,3,3,1362,1,1382,2744,1,3,6,3,2,0,1,0,0,0,0,0
5,8,0,4,5,1482,1,2574,4056,2,5,10,4,3,0,0,0,1,0,0,0
19,6,29,3,4,506,1,1212,1718,1,3,6,3,2,0,1,0,0,0,0,0
17,5,81,3,3,926,1,1316,2242,1,3,6,0,2,0,0,0,0,0,1,0
17,5,83,3,2,680,0,764,1444,1,3,4,0,2,0,0,0,0,0,1,0
14,6,27,3,4,1422,1,1422,2844,2,4,7,3,2,0,1,0,0,0,0,0
8,6,9,3,4,802,1,1511,2313,2,3,8,3,2,0,1,0,0,0,0,0
18,5,69,3,3,720,1,2192,2912,2,4,8,4,1,0,0,0,0,0,1,0
9,5,68,3,3,740,1,778,1518,1,3,4,4,1,0,0,0,0,0,1,0
7,6,31,3,3,1143,1,1113,2256,1,3,6,2,1,0,1,0,0,0,0,0
21,8,0,4,4,1095,1,1939,3034,2,4,8,4,3,0,1,0,0,0,0,0
4,7,54,3,4,1385,1,1363,2748,1,3,5,3,2,0,1,0,0,0,0,0
15,8,11,4,4,1152,1,2270,3422,2,4,9,4,3,0,1,0,0,0,0,0
12,6,51,3,3,1240,1,1632,2872,2,3,6,4,1,0,1,0,0,0,0,0
11,5,25,3,3,816,1,816,1632,1,3,5,0,1,0,1,0,0,0,0,0
3,7,84,4,3,952,0,1548,2500,2,5,5,0,2,0,0,0,0,0,1,0
11,7,7,4,5,1560,1,1560,3120,2,4,7,0,2,0,1,0,0,0,0,0
8,4,59,3,3,864,1,864,1728,1,3,4,0,2,0,0,0,0,0,1,0
16,9,1,5,5,2121,1,2121,4242,2,5,8,5,3,0,1,0,0,0,0,0
4,7,31,3,4,1160,1,2022,3182,2,3,8,3,2,0,1,0,0,0,0,0
20,7,18,4,4,807,1,1982,2789,2,4,7,3,2,0,1,0,0,0,0,0
21,6,0,4,4,1262,1,1262,2524,2,4,5,0,2,0,1,0,0,0,0,0
16,7,2,4,4,1314,1,1314,2628,2,4,6,4,2,0,1,0,0,0,0,0
21,8,1,4,4,1468,1,1468,2936,2,4,6,4,3,0,1,0,0,0,0,0
20,6,15,4,4,1575,1,1575,3150,2,4,5,0,2,0,1,0,0,0,0,0
21,7,1,4,4,625,1,1250,1875,2,4,5,0,2,0,0,0,0,0,1,0
12,6,44,3,3,912,1,1734,2646,1,4,7,4,2,0,1,0,0,0,0,0
12,4,35,3,3,858,1,858,1716,1,3,5,0,0,0,0,0,0,0,0,1
19,5,43,3,3,882,1,900,1782,1,3,5,0,1,0,0,0,0,0,1,0
3,6,92,3,3,698,1,1396,2094,1,3,7,0,1,0,0,0,0,0,1,0
5,8,0,4,4,1079,1,1919,2998,2,4,8,4,2,0,1,0,0,0,0,0
18,5,96,3,3,780,0,1716,2496,2,2,9,0,0,0,0,0,0,0,0,1
7,5,60,3,3,768,1,1716,2484,1,3,8,4,1,0,1,0,0,0,0,0
14,7,29,3,3,795,1,2263,3058,2,4,9,3,2,0,1,0,0,0,0,0
12,6,56,3,3,1416,1,1644,3060,1,3,7,4,2,0,1,0,0,0,0,0
11,6,22,3,3,1003,1,1003,2006,1,3,6,0,2,0,0,0,0,0,1,0
9,5,57,3,3,910,1,1558,2468,1,3,6,0,1,0,1,0,0,0,0,0
21,7,10,4,4,975,1,1950,2925,2,4,7,3,2,0,0,0,0,0,1,0
14,6,39,4,3,702,1,1743,2445,1,3,7,4,2,0,1,0,0,0,0,0
6,6,59,3,3,1092,1,1152,2244,1,4,6,4,1,0,1,0,0,0,0,0
6,5,53,3,3,1165,1,1336,2501,1,3,5,4,1,0,1,0,0,0,0,0
5,8,9,4,4,1028,1,2452,3480,2,4,9,3,2,0,0,0,1,0,0,0
5,7,5,4,4,1541,1,1541,3082,2,4,6,3,3,0,1,0,0,0,0,0
5,5,34,3,3,894,1,894,1788,1,3,5,0,2,0,1,0,0,0,0,0
17,7,128,3,3,1470,1,3493,4963,3,4,10,5,3,0,1,0,0,0,0,0
5,8,3,4,4,2000,1,2000,4000,2,4,8,0,3,0,1,0,0,0,0,0
20,7,17,4,4,700,1,2243,2943,2,4,8,3,3,0,1,0,0,0,0,0
9,6,88,3,3,319,1,1406,1725,1,2,6,0,0,0,0,0,0,0,0,1
7,4,69,3,3,861,1,861,1722,1,3,4,0,2,0,0,0,0,0,1,0
16,9,3,4,5,1896,1,1944,3840,2,5,8,5,3,0,1,0,0,0,0,0
8,6,13,3,4,697,1,1501,2198,2,4,6,3,2,0,1,0,0,0,0,0
12,6,61,3,3,972,1,972,1944,1,3,5,4,1,0,0,0,0,0,1,0
17,5,67,3,4,793,1,1118,1911,1,3,5,4,2,0,0,0,0,0,1,0
23,7,44,3,4,2136,1,2036,4172,2,3,8,4,2,0,1,0,0,0,0,0
17,7,81,3,3,728,1,1641,2369,1,5,6,4,2,0,0,0,0,0,1,0
8,7,5,4,4,716,1,1432,2148,2,4,6,4,2,0,1,0,0,0,0,0
14,7,29,4,4,845,1,2353,3198,2,5,10,3,2,0,1,0,0,0,0,0
21,8,1,4,4,1088,1,1959,3047,2,4,8,4,3,0,1,0,0,0,0,0
15,7,16,4,4,1347,1,2646,3993,2,4,9,3,3,0,1,0,0,0,0,0
14,7,29,3,4,1372,1,1472,2844,2,3,6,3,2,0,1,0,0,0,0,0
16,9,0,3,5,1249,1,2596,3845,3,4,9,0,3,0,1,0,0,0,0,0
16,8,3,4,5,1136,1,2468,3604,2,4,10,4,3,0,0,0,1,0,0,0
20,7,21,4,3,1502,1,2730,4232,2,4,8,3,2,0,1,0,0,0,0,0
17,3,51,3,3,1162,1,1163,2325,1,3,6,0,1,0,1,0,0,0,0,0
12,7,43,4,4,710,1,2978,3688,2,4,11,4,2,0,0,0,1,0,0,0
9,5,66,3,3,720,0,803,1523,1,3,5,0,2,0,0,0,0,0,1,0
24,8,15,4,4,1719,1,1719,3438,1,4,6,4,2,0,1,0,0,0,0,0
12,6,46,3,3,1383,1,1383,2766,1,3,7,0,1,0,1,0,0,0,0,0
3,6,93,3,3,844,0,2134,2978,2,4,10,0,2,0,0,0,0,0,1,0
9,5,89,3,3,596,0,1192,1788,1,3,6,0,1,0,0,0,0,0,1,0
12,5,43,3,3,1728,1,1728,3456,2,3,10,0,1,0,0,0,0,0,1,0
12,5,49,3,3,1056,1,1056,2112,1,3,6,0,1,0,1,0,0,0,0,0
16,8,6,4,4,3206,1,1629,4835,2,4,7,4,3,0,1,0,0,0,0,0
16,7,4,4,4,1358,1,1358,2716,2,4,6,4,2,0,1,0,0,0,0,0
8,6,10,3,4,943,1,1638,2581,2,3,7,3,2,0,1,0,0,0,0,0
23,5,43,3,3,1499,1,1786,3285,2,3,7,4,2,0,1,0,0,0,0,0
22,9,2,4,5,1922,1,1922,3844,2,4,8,4,3,0,1,0,0,0,0,0
5,7,6,4,4,1536,1,1536,3072,2,4,7,0,2,0,1,0,0,0,0,0
14,7,22,4,4,1208,1,1621,2829,2,4,8,0,2,0,1,0,0,0,0,0
12,6,51,3,3,1215,1,1215,2430,1,3,6,0,1,0,1,0,0,0,0,0
23,8,8,4,4,967,1,1908,2875,2,4,9,0,2,0,1,0,0,0,0,0
20,4,59,2,3,721,1,841,1562,1,3,4,0,1,0,0,0,0,1,0,0
12,3,57,3,0,0,0,1040,1040,2,3,6,0,2,0,0,0,0,0,1,0
16,9,3,5,5,1684,1,1684,3368,2,5,6,5,2,0,1,0,0,0,0,0
10,5,34,3,4,536,1,1112,1648,1,3,4,0,1,0,1,0,0,0,0,0
3,6,67,3,3,972,1,1577,2549,1,2,6,4,1,0,0,0,0,0,1,0
12,6,47,3,3,958,1,958,1916,1,3,5,0,1,0,1,0,0,0,0,0
12,6,49,3,3,1478,1,1478,2956,2,3,6,4,2,0,1,0,0,0,0,0
16,7,5,4,4,764,1,1626,2390,2,4,6,0,2,0,0,0,1,0,0,0
16,9,1,5,5,1848,1,2728,4576,2,5,10,5,3,0,1,0,0,0,0,0
16,9,0,5,5,1869,1,1869,3738,2,5,6,4,2,0,1,0,0,0,0,0
4,7,20,3,4,1453,1,1453,2906,1,4,6,3,2,0,1,0,0,0,0,0
7,5,67,3,3,616,0,1111,1727,1,3,5,0,1,0,0,0,0,0,1,0
17,6,82,3,3,624,1,720,1344,1,3,5,0,2,0,0,0,0,0,1,0
18,6,66,3,3,940,1,1595,2535,1,3,6,4,1,0,1,0,0,0,0,0
5,6,12,4,4,1200,1,1200,2400,2,4,6,0,2,0,1,0,0,0,0,0
8,6,17,3,4,1158,1,1167,2325,2,4,6,0,2,0,1,0,0,0,0,0
10,5,31,3,4,1142,1,1142,2284,1,3,6,1,2,0,1,0,0,0,0,0
4,5,48,3,3,1062,1,1352,2414,1,4,6,0,1,0,0,0,1,0,0,0
15,8,8,4,4,1086,1,1924,3010,2,4,7,3,2,0,1,0,0,0,0,0
11,6,29,3,4,888,1,912,1800,1,3,5,3,2,0,1,0,0,0,0,0
3,5,68,3,3,883,1,1505,2388,1,3,8,0,1,0,0,0,0,0,1,0
7,7,6,4,0,0,1,1922,1922,3,4,7,5,2,0,0,0,1,0,0,0
2,6,37,3,3,483,1,987,1470,1,4,5,0,1,0,0,0,0,0,1,0
14,6,30,3,4,796,1,1574,2370,2,3,6,3,2,0,1,0,0,0,0,0
9,5,89,3,3,672,1,1344,2016,1,3,6,0,1,0,0,0,0,0,1,0
12,6,46,3,4,1394,1,1394,2788,1,3,6,4,2,0,1,0,0,0,0,0
12,6,46,3,4,1099,1,1431,2530,1,3,6,4,1,0,0,1,0,0,0,0
12,5,56,3,3,1268,1,1268,2536,1,3,7,4,1,0,1,0,0,0,0,0
12,5,51,3,3,1063,1,1287,2350,1,4,7,4,2,0,0,0,0,0,1,0
8,6,6,3,4,953,1,1664,2617,2,3,7,3,2,0,1,0,0,0,0,0
4,4,49,3,0,0,1,1588,1588,2,3,7,4,2,0,0,0,0,0,1,0
20,6,26,3,4,744,1,752,1496,1,3,4,0,1,0,1,0,0,0,0,0
12,5,56,3,3,608,1,1319,1927,1,3,5,0,1,0,1,0,0,0,0,0
5,7,4,4,4,847,1,1928,2775,2,4,8,4,2,0,0,0,1,0,0,0
7,1,87,2,2,683,0,904,1587,0,2,4,0,0,0,0,0,0,0,0,1
5,5,10,4,4,870,1,914,1784,1,3,5,0,2,0,0,0,0,0,1,0
21,8,3,4,4,1580,1,2466,4046,3,4,8,4,2,0,1,0,0,0,0,0
22,9,0,4,5,1856,1,1856,3712,1,5,8,5,3,0,1,0,0,0,0,0
8,6,9,3,4,982,1,1800,2782,2,3,7,3,2,0,1,0,0,0,0,0
18,5,86,3,3,1026,1,1691,2717,2,4,6,4,1,0,0,0,0,0,1,0
21,7,0,4,4,1293,1,1301,2594,2,4,5,4,2,0,1,0,0,0,0,0
5,7,1,4,4,939,1,1797,2736,2,4,8,0,2,0,1,0,0,0,0,0
20,6,81,3,2,784,0,784,1568,1,3,5,0,2,0,0,0,0,0,1,0
4,6,15,4,4,1580,1,1953,3533,2,4,9,2,2,0,1,0,0,0,0,0
0,8,6,4,4,1256,1,1269,2525,2,4,6,3,2,0,1,0,0,0,0,0
7,5,96,3,3,658,1,1184,1842,1,3,8,0,0,0,0,0,0,0,0,1
7,6,33,3,3,1041,1,1125,2166,1,3,6,2,1,0,0,0,0,0,1,0
5,7,9,4,4,1468,1,1479,2947,2,4,6,0,2,0,1,0,0,0,0,0
16,10,1,5,5,1682,1,2332,4014,2,5,9,5,3,0,0,0,1,0,0,0
7,5,108,3,3,861,1,1367,2228,1,3,7,0,1,0,0,0,0,0,1,0
11,6,8,3,5,804,1,1961,2765,2,4,7,3,2,0,0,0,1,0,0,0
12,5,48,3,0,0,1,882,882,1,3,5,0,1,0,1,0,0,0,0,0
3,4,65,3,3,788,1,788,1576,1,3,4,3,0,0,0,0,0,0,0,1
17,5,67,3,3,735,1,1034,1769,1,3,5,0,1,0,0,0,0,0,1,0
7,5,54,3,3,1144,1,1144,2288,1,3,6,0,1,0,1,0,0,0,0,0
5,5,37,3,3,894,1,894,1788,1,3,6,0,2,0,0,0,0,0,1,0
12,5,45,3,3,864,1,1812,2676,2,3,8,3,1,0,1,0,0,0,0,0
9,5,87,3,2,961,1,1077,2038,1,3,6,0,1,0,0,0,0,0,1,0
21,7,3,4,4,1092,1,1550,2642,2,4,7,0,2,0,1,0,0,0,0,0
24,8,12,4,4,1260,1,1288,2548,1,5,4,4,2,0,1,0,0,0,0,0
5,7,1,4,4,1310,1,1310,2620,2,4,6,4,2,0,1,0,0,0,0,0
19,5,68,3,3,672,1,672,1344,1,3,4,0,1,0,0,0,0,0,1,0
15,8,8,4,4,1141,1,2263,3404,2,4,10,3,2,0,0,0,1,0,0,0
8,6,12,3,4,806,1,1572,2378,2,3,7,3,2,0,0,0,1,0,0,0
19,4,33,3,3,1281,1,1620,2901,2,3,8,3,2,0,1,0,0,0,0,0
18,6,72,3,3,1064,1,1639,2703,1,3,6,0,1,0,0,0,0,0,1,0
6,6,93,3,4,840,1,1680,2520,2,3,8,0,1,0,1,0,0,0,0,0
16,7,1,4,5,1063,1,2172,3235,2,4,9,4,3,0,1,0,0,0,0,0
21,8,1,4,5,1034,1,2078,3112,2,5,8,4,3,0,1,0,0,0,0,0
7,5,51,3,3,1276,1,1276,2552,1,3,5,0,1,0,1,0,0,0,0,0
8,5,51,3,3,1056,0,1056,2112,1,3,5,0,2,0,1,0,0,0,0,0
21,7,1,5,5,1470,1,1478,2948,2,4,7,4,2,0,1,0,0,0,0,0
17,5,83,3,3,1008,1,1028,2036,1,3,5,4,2,0,0,0,0,0,1,0
20,7,15,4,4,1080,1,2097,3177,2,4,9,3,3,0,1,0,0,0,0,0
8,7,0,4,4,1340,1,1340,2680,2,4,6,0,2,0,1,0,0,0,0,0
19,6,28,3,3,672,1,1400,2072,1,3,6,3,2,0,1,0,0,0,0,0
6,6,89,3,4,1370,0,2624,3994,2,3,10,4,3,0,0,0,0,0,1,0
7,5,67,3,3,756,0,1134,1890,1,3,7,0,1,0,0,0,0,0,1,0
12,5,42,3,3,1056,1,1056,2112,1,3,6,2,1,0,1,0,0,0,0,0
11,7,11,3,4,1344,1,1344,2688,2,3,8,0,4,0,1,0,0,0,0,0
14,6,32,4,4,1602,1,1602,3204,2,4,8,3,2,0,1,0,0,0,0,0
11,5,54,3,3,988,1,988,1976,1,3,4,0,2,0,1,0,0,0,0,0
15,8,10,4,4,1470,1,2630,4100,2,4,8,3,3,0,1,0,0,0,0,0
12,6,52,3,4,1196,1,1196,2392,1,3,6,4,1,0,1,0,0,0,0,0
17,7,63,3,3,651,1,1389,2040,1,3,6,4,1,0,0,0,0,0,1,0
20,7,20,4,4,1518,1,1644,3162,2,4,5,3,2,0,1,0,0,0,0,0
12,4,51,3,3,907,1,907,1814,1,3,5,0,1,0,0,0,0,0,1,0
5,7,0,4,4,1208,1,1208,2416,2,4,6,0,2,0,1,0,0,0,0,0
23,6,21,3,4,1392,1,1412,2804,2,4,6,3,2,0,1,0,0,0,0,0
2,6,37,3,3,483,1,987,1470,1,3,4,0,1,0,0,0,0,0,1,0
17,6,88,3,3,901,1,1198,2099,1,3,7,0,0,0,0,0,0,0,0,1
2,5,36,3,3,765,1,1365,2130,1,3,6,0,2,0,0,0,0,0,1,0
8,6,11,3,4,926,1,1604,2530,2,3,7,3,2,0,1,0,0,0,0,0
10,4,36,3,4,630,1,630,1260,1,3,3,0,0,0,0,0,0,0,0,1
5,7,13,4,4,799,1,1661,2460,2,4,6,3,2,0,1,0,0,0,0,0
17,6,86,3,2,648,1,1118,1766,1,3,6,0,2,0,0,0,0,0,1,0
3,6,83,4,3,884,1,904,1788,1,3,4,0,1,0,0,0,0,0,1,0
6,5,94,3,3,440,0,694,1134,1,4,4,4,1,0,0,0,0,0,1,0
7,6,89,3,3,684,1,1196,1880,1,4,7,0,2,0,0,0,0,0,1,0
16,10,1,5,5,3094,1,2402,5496,2,5,10,4,3,0,1,0,0,0,0,0
7,4,53,3,3,1440,0,1440,2880,2,2,8,0,0,0,0,0,0,0,0,1
3,5,78,3,3,1078,1,1573,2651,2,3,8,4,2,0,0,0,0,0,1,0
0,7,1,4,5,1258,1,1258,2516,2,4,6,4,3,0,1,0,0,0,0,0
5,7,14,4,4,915,1,1908,2823,2,4,8,3,2,0,1,0,0,0,0,0
7,6,53,3,3,1436,1,1689,3125,1,3,7,4,2,0,1,0,0,0,0,0
12,6,44,4,3,1517,1,1888,3405,2,4,6,4,2,0,1,0,0,0,0,0
8,7,8,4,4,930,1,1886,2816,2,4,10,3,2,0,1,0,0,0,0,0
9,6,69,3,3,780,1,1376,2156,2,3,7,4,1,0,0,0,0,0,1,0
17,3,59,3,3,649,1,1183,1832,1,3,6,0,1,0,0,0,0,0,1,0
17,6,76,3,3,813,1,813,1626,1,4,5,0,1,0,0,0,0,0,1,0
4,7,31,3,4,1533,1,1533,3066,2,4,5,3,2,0,1,0,0,0,0,0
23,6,11,4,5,872,1,1756,2628,2,3,7,0,2,0,1,0,0,0,0,0
21,8,1,4,4,768,1,1590,2358,2,4,6,0,2,0,1,0,0,0,0,0
11,5,30,3,3,1728,1,1728,3456,2,3,8,0,2,0,0,0,0,0,1,0
14,7,34,3,3,1242,1,1242,2484,1,3,6,3,2,0,1,0,0,0,0,0
17,5,92,3,3,624,0,1344,1968,1,3,7,0,3,0,0,0,0,0,1,0
4,4,54,3,4,1364,1,1663,3027,1,4,6,4,2,0,1,0,0,0,0,0
17,8,83,3,3,588,1,1666,2254,1,4,7,4,1,0,0,0,0,0,1,0
3,5,59,3,3,709,1,1203,1912,1,4,5,3,1,0,0,0,0,0,1,0
21,8,0,4,4,832,1,1935,2767,2,3,8,0,2,0,0,0,1,0,0,0
18,7,73,4,4,560,1,1135,1695,1,4,6,0,2,0,0,0,0,0,1,0
19,5,44,3,3,864,1,864,1728,1,3,5,1,1,0,0,0,0,0,1,0
6,6,74,3,3,715,1,1660,2375,1,3,6,4,1,0,0,0,0,0,1,0
5,5,31,3,4,1040,1,1040,2080,2,3,5,0,0,0,0,0,0,0,0,1
0,7,2,4,4,1375,1,1414,2789,2,4,6,3,2,0,1,0,0,0,0,0
12,7,37,3,3,1277,1,1277,2554,1,3,5,1,2,0,1,0,0,0,0,0
12,5,65,3,3,728,1,1644,2372,1,4,7,4,1,0,1,0,0,0,0,0
16,8,1,4,4,1626,1,1634,3260,2,4,7,4,3,0,1,0,0,0,0,0
20,6,15,4,4,832,1,1710,2542,2,4,7,0,2,0,1,0,0,0,0,0
22,8,25,4,4,1488,1,1502,2990,1,4,4,0,2,0,1,0,0,0,0,0
14,7,30,3,4,808,1,1969,2777,2,3,8,4,2,0,1,0,0,0,0,0
7,6,3,3,4,547,1,1072,1619,1,3,5,0,2,0,0,1,0,0,0,0
16,8,1,4,5,1976,1,1976,3952,2,4,7,5,3,0,1,0,0,0,0,0
22,8,7,4,4,1494,1,1652,3146,2,5,6,0,2,0,1,0,0,0,0,0
19,5,44,3,3,970,1,970,1940,1,3,5,0,2,0,0,0,0,0,1,0
5,6,11,3,4,1478,1,1493,2971,2,4,7,3,2,0,1,0,0,0,0,0
16,9,1,5,4,2153,1,2643,4796,2,5,9,4,3,0,0,0,1,0,0,0
5,8,2,4,5,1705,1,1718,3423,2,4,7,4,3,0,1,0,0,0,0,0
17,4,70,3,2,907,1,1131,2038,1,3,7,0,2,0,0,0,0,0,1,0
16,9,2,4,5,1833,1,1850,3683,2,4,8,4,3,0,1,0,0,0,0,0
16,9,3,4,5,1792,1,1792,3584,2,5,6,4,3,0,1,0,0,0,0,0
17,7,94,4,3,910,1,1826,2736,1,5,7,4,1,0,1,0,0,0,0,0
11,6,8,3,5,1216,1,1216,2432,2,3,5,0,2,0,1,0,0,0,0,0
19,5,45,3,3,999,1,999,1998,1,4,6,0,1,0,0,0,0,0,1,0
12,5,59,4,3,1113,1,1113,2226,1,4,5,4,1,0,1,0,0,0,0,0
12,5,42,3,3,1073,1,1073,2146,1,3,6,0,2,0,1,0,0,0,0,0
14,5,36,3,4,1484,1,1484,2968,2,3,7,3,2,0,1,0,0,0,0,0
17,5,106,3,3,954,0,2414,3368,2,3,10,4,2,0,1,0,0,0,0,0
10,4,39,3,4,630,1,630,1260,1,4,3,0,1,0,1,0,0,0,0,0
10,5,32,3,4,264,1,1304,1568,1,3,4,4,1,0,0,0,1,0,0,0
12,6,65,3,3,806,1,1578,2384,1,2,5,3,1,0,1,0,0,0,0,0
8,6,0,4,4,728,1,1456,2184,2,3,8,0,2,0,1,0,0,0,0,0
12,5,48,3,3,1269,1,1269,2538,1,3,6,2,1,0,0,0,0,0,1,0
17,5,71,3,2,190,1,886,1076,1,3,4,0,1,0,1,0,0,0,0,0
9,4,89,3,3,720,0,720,1440,1,3,4,0,0,0,0,0,0,0,0,1
15,8,15,4,4,3200,1,3228,6428,3,4,10,4,2,0,1,0,0,0,0,0
3,7,83,3,3,1026,1,1820,2846,2,3,8,0,1,0,0,0,0,0,1,0
19,5,42,3,3,864,1,899,1763,1,4,5,0,1,0,1,0,0,0,0,0
12,5,49,3,3,912,1,912,1824,1,3,5,0,1,0,1,0,0,0,0,0
2,6,34,3,3,672,1,1218,1890,1,3,7,0,1,0,0,0,0,0,1,0
21,7,3,4,4,866,1,1768,2634,2,4,7,0,2,0,1,0,0,0,0,0
7,5,42,3,3,1214,1,1214,2428,1,3,6,0,2,0,0,0,0,0,1,0
6,7,51,3,3,1501,1,1801,3302,2,3,6,3,2,0,1,0,0,0,0,0
13,6,35,3,3,855,1,1322,2177,2,3,6,2,2,0,1,0,0,0,0,0
17,5,57,3,3,960,1,1960,2920,2,3,10,0,2,0,0,0,0,0,1,0
20,8,13,4,4,777,1,1911,2688,2,4,8,3,2,0,1,0,0,0,0,0
21,6,0,4,4,1218,1,1218,2436,2,4,4,0,2,0,1,0,0,0,0,0
17,7,80,3,3,689,1,1378,2067,2,4,7,4,2,0,0,0,0,0,1,0
12,5,50,3,3,1041,1,1041,2082,1,3,6,0,1,0,1,0,0,0,0,0
12,5,58,4,3,1008,1,1363,2371,1,3,6,3,1,0,0,0,0,1,0,0
16,7,1,4,4,1368,1,1368,2736,2,4,6,4,2,0,1,0,0,0,0,0
12,5,48,3,3,864,1,864,1728,1,3,5,0,2,0,0,0,0,0,1,0
11,6,24,3,3,1084,1,1080,2164,1,3,5,0,2,0,1,0,0,0,0,0
6,5,81,3,3,768,0,789,1557,1,3,5,0,1,0,0,0,0,0,1,0
16,10,0,5,5,2006,1,2020,4026,2,5,9,4,3,0,1,0,0,0,0,0
14,6,37,3,3,689,1,2119,2808,2,3,7,3,2,0,1,0,0,0,0,0
15,7,13,4,4,1264,1,2344,3608,2,4,7,3,3,0,1,0,0,0,0,0
5,6,9,3,4,794,1,1796,2590,2,3,7,0,2,0,1,0,0,0,0,0
6,7,83,4,4,1276,1,2080,3356,1,4,9,4,1,0,0,0,0,0,1,0
17,4,108,3,0,0,0,1294,1294,2,3,7,0,0,0,0,0,0,0,0,1
12,6,50,3,3,1244,1,1244,2488,1,3,6,4,1,0,1,0,0,0,0,0
3,6,59,3,3,1004,1,1664,2668,2,3,7,4,2,0,0,0,0,0,1,0
7,10,0,5,5,3138,1,4676,7814,3,5,11,4,3,0,0,0,1,0,0,0
15,7,11,4,4,1379,1,2398,3777,2,4,8,3,3,0,1,0,0,0,0,0
21,7,1,4,4,1257,1,1266,2523,2,4,6,3,2,0,1,0,0,0,0,0
12,5,51,3,4,928,1,928,1856,1,3,4,0,1,0,1,0,0,0,0,0
16,9,0,5,5,1452,1,2713,4165,2,5,11,4,3,0,1,0,0,0,0,0
7,4,87,3,3,528,1,605,1133,1,3,5,0,0,0,0,0,0,0,0,1
6,6,50,4,3,2035,1,2515,4550,3,3,9,3,2,0,1,0,0,0,0,0
23,6,20,4,4,1461,1,1509,2970,2,4,5,2,2,0,1,0,0,0,0,0
3,6,88,3,2,611,1,1362,1973,2,3,6,0,2,0,0,0,0,0,1,0
12,5,55,3,0,0,1,827,827,1,3,5,1,1,0,0,0,0,0,1,0
3,1,61,2,0,0,0,334,334,1,2,2,0,0,0,0,0,0,0,0,1
8,8,2,4,5,707,1,1414,2121,2,4,6,4,2,0,1,0,0,0,0,0
7,5,98,3,4,1117,1,1347,2464,1,3,5,0,0,0,0,0,0,0,0,1
5,7,10,3,4,880,1,1724,2604,2,4,8,0,2,0,1,0,0,0,0,0
12,4,36,3,3,864,1,864,1728,1,3,5,0,2,0,0,0,0,0,1,0
19,5,38,3,3,1051,1,1159,2210,1,3,7,2,1,0,1,0,0,0,0,0
5,8,9,4,4,1581,1,1601,3182,2,4,6,3,2,0,1,0,0,0,0,0
23,9,3,5,5,1838,1,1838,3676,2,5,8,4,3,0,1,0,0,0,0,0
15,8,7,4,4,969,1,2285,3254,2,4,8,3,3,0,0,0,1,0,0,0
14,7,11,4,5,1650,1,1680,3330,2,4,7,3,2,0,1,0,0,0,0,0
12,7,9,3,4,723,1,767,1490,1,3,4,0,1,0,1,0,0,0,0,0
8,7,0,4,4,654,1,1496,2150,2,4,7,4,2,0,1,0,0,0,0,0
14,7,18,4,4,1204,1,2183,3387,2,4,9,0,3,0,1,0,0,0,0,0
3,6,84,3,4,1065,1,1635,2700,1,3,6,4,2,0,0,0,0,0,1,0
11,5,37,3,4,768,1,768,1536,1,3,5,0,2,0,0,0,0,0,1,0
17,5,53,3,3,825,1,825,1650,1,3,4,0,2,0,0,0,0,0,1,0
21,7,6,4,4,912,1,2094,3006,2,4,8,4,2,0,0,0,1,0,0,0
13,6,31,3,4,1069,1,1069,2138,2,3,4,0,2,0,1,0,0,0,0,0
17,5,51,3,3,928,1,928,1856,1,3,5,0,1,0,1,0,0,0,0,0
16,8,3,4,5,1709,1,1717,3426,2,4,7,4,3,0,1,0,0,0,0,0
7,4,60,3,0,0,1,1126,1126,2,4,5,0,2,0,0,0,0,0,1,0
16,7,5,4,4,998,1,2046,3044,2,4,8,4,3,0,0,0,1,0,0,0
3,5,84,3,3,993,1,1048,2041,1,3,5,4,1,0,0,0,0,0,1,0
12,5,49,3,3,1092,1,1092,2184,1,3,6,3,1,0,1,0,0,0,0,0
9,4,86,3,3,637,1,1336,1973,1,3,7,0,1,0,0,0,0,1,0,0
8,7,12,3,4,729,1,1446,2175,2,3,6,3,2,0,1,0,0,0,0,0
0,7,3,4,4,1374,1,1557,2931,2,4,7,3,2,0,1,0,0,0,0,0
19,5,53,3,4,1392,1,1392,2784,1,3,5,4,2,0,0,0,0,0,1,0
11,5,32,3,4,1389,1,1389,2778,1,3,6,3,2,0,1,0,0,0,0,0
7,5,68,3,3,996,1,996,1992,1,3,6,4,0,0,0,0,0,0,0,1
7,6,90,3,4,1163,1,1674,2837,2,3,8,4,2,0,0,0,0,0,1,0
15,7,14,4,4,1095,1,2295,3390,2,4,9,3,2,0,1,0,0,0,0,0
18,6,95,3,4,806,0,1647,2453,1,2,6,0,1,0,0,0,0,0,1,0
22,9,3,4,4,1122,1,2504,3626,2,5,11,4,3,0,0,0,1,0,0,0
16,7,6,4,4,1517,1,1535,3052,2,4,7,0,2,0,1,0,0,0,0,0
20,8,26,4,4,1496,1,2132,3628,1,4,5,4,2,0,0,0,1,0,0,0
12,5,27,3,4,943,1,943,1886,1,3,4,3,2,0,0,0,0,0,1,0
12,5,43,3,3,1728,1,1728,3456,2,3,10,0,2,0,0,0,0,0,1,0
12,6,47,3,3,864,1,864,1728,1,4,4,0,1,0,1,0,0,0,0,0
23,7,0,3,5,846,1,1692,2538,2,4,6,0,2,0,1,0,0,0,0,0
8,7,7,3,4,384,1,1430,1814,2,3,8,3,2,0,0,0,1,0,0,0
12,5,36,3,3,372,1,1109,1481,1,3,5,0,1,0,0,0,1,0,0,0
12,5,61,3,3,832,1,1216,2048,1,3,6,0,1,0,0,0,0,0,1,0
18,7,81,3,3,861,1,1477,2338,2,3,6,4,1,0,0,0,0,0,1,0
19,5,40,3,3,1164,1,1320,2484,1,3,6,2,2,0,1,0,0,0,0,0
21,7,1,4,4,689,1,1392,2081,2,4,5,0,2,0,0,0,0,0,1,0
17,5,54,3,3,1050,0,1795,2845,2,3,7,0,1,0,1,0,0,0,0,0
12,6,47,3,3,1144,1,1429,2573,1,4,7,4,2,0,1,0,0,0,0,0
16,8,1,5,5,2042,1,2042,4084,2,5,8,4,3,0,1,0,0,0,0,0
7,6,17,3,4,816,1,816,1632,1,3,5,0,0,0,0,0,0,0,0,1
17,10,115,5,3,1237,1,2775,4012,3,4,9,4,2,0,0,0,0,0,1,0
3,4,74,3,3,884,1,1573,2457,1,4,6,0,1,0,0,0,0,0,1,0
23,8,1,4,5,1868,1,2028,3896,2,4,7,4,3,0,1,0,0,0,0,0
3,6,90,3,3,816,1,838,1654,1,2,5,0,1,0,0,0,0,0,1,0
19,5,27,3,3,840,1,860,1700,1,3,4,0,2,0,0,0,0,0,1,0
4,5,41,3,3,1437,1,1473,2910,1,5,5,4,1,0,1,0,0,0,0,0
3,5,78,3,3,742,1,935,1677,1,3,4,0,1,0,0,0,0,0,1,0
5,7,4,4,4,770,1,1582,2352,2,4,6,0,2,0,1,0,0,0,0,0
16,10,1,5,5,1722,1,2296,4018,2,5,10,4,3,0,0,0,1,0,0,0
11,5,26,3,3,816,1,816,1632,1,3,4,0,2,0,0,0,0,0,1,0
5,6,6,4,4,848,1,848,1696,1,4,4,0,2,0,1,0,0,0,0,0
5,5,33,3,4,924,1,924,1848,1,3,5,0,1,0,0,0,0,0,1,0
22,8,1,4,4,1814,1,1826,3640,2,4,7,3,3,0,1,0,0,0,0,0
17,6,96,3,3,684,0,1368,2052,1,3,7,0,1,0,0,0,0,0,1,0
0,7,1,4,5,1258,1,1402,2660,0,4,7,4,3,0,1,0,0,0,0,0
6,5,29,3,4,1430,1,1647,3077,2,4,7,3,2,0,1,0,0,0,0,0
1,6,28,3,4,716,1,1556,2272,2,3,6,3,2,0,1,0,0,0,0,0
16,8,1,4,4,1058,1,1904,2962,2,5,8,4,2,0,0,0,1,0,0,0
9,6,70,3,3,780,1,1375,2155,1,4,6,4,1,0,0,0,0,0,1,0
20,8,14,4,4,908,1,1915,2823,2,4,8,3,2,0,1,0,0,0,0,0
21,7,6,4,4,600,1,1200,1800,2,4,4,0,2,0,0,0,0,0,1,0
5,7,6,4,4,1494,1,1494,2988,2,4,6,3,2,0,1,0,0,0,0,0
12,7,44,3,3,768,1,1986,2754,2,3,7,2,2,0,1,0,0,0,0,0
5,5,13,3,4,1040,1,1040,2080,1,4,6,0,2,0,0,0,0,0,1,0
7,5,58,3,3,896,1,2008,2904,3,5,8,0,1,0,1,0,0,0,0,0
6,8,73,3,4,965,1,3194,4159,2,3,10,4,2,0,0,1,0,0,0,0
19,4,46,3,3,1029,1,1029,2058,1,3,5,0,1,0,1,0,0,0,0,0
5,9,9,4,5,1440,1,2153,3593,2,5,8,5,3,0,1,0,0,0,0,0
14,6,29,3,4,1032,1,1032,2064,2,3,6,3,2,0,1,0,0,0,0,0
5,8,8,4,4,1299,1,1872,3171,2,5,7,3,2,0,0,0,1,0,0,0
11,5,0,3,4,1120,1,1120,2240,1,3,6,0,0,0,0,0,0,0,0,1
10,4,38,3,4,630,1,630,1260,1,3,3,0,0,0,0,0,0,0,0,1
12,6,47,3,3,936,1,1054,1990,1,4,6,0,2,0,1,0,0,0,0,0
8,6,4,4,4,783,1,1509,2292,2,4,7,4,2,0,1,0,0,0,0,0
12,6,54,3,3,832,1,832,1664,1,4,4,0,2,0,0,0,0,0,1,0
16,9,0,5,5,1822,1,1828,3650,2,4,9,4,3,0,1,0,0,0,0,0
23,8,5,4,4,1482,1,2262,3744,2,4,10,4,3,0,1,0,0,0,0,0
7,3,94,3,3,864,0,864,1728,1,3,5,0,0,0,0,0,0,0,0,1
14,6,34,3,3,1522,1,2614,4136,2,3,9,3,2,0,1,0,0,0,0,0
19,5,32,3,3,980,1,980,1960,1,3,6,0,2,0,0,0,0,0,1,0
21,6,7,4,4,756,1,1512,2268,2,4,4,3,2,0,0,0,0,0,1,0
14,6,34,3,3,732,1,1790,2522,1,3,8,3,2,0,1,0,0,0,0,0
12,6,48,3,3,1116,1,1116,2232,1,3,5,0,2,0,1,0,0,0,0,0
12,5,47,3,3,978,1,1422,2400,1,3,6,3,1,0,1,0,0,0,0,0
12,6,55,3,3,1156,1,1520,2676,1,3,7,4,1,0,0,1,0,0,0,0
12,5,38,3,4,1040,1,2080,3120,1,2,9,3,2,0,1,0,0,0,0,0
12,6,44,3,3,1248,1,1350,2598,1,3,6,0,2,0,1,0,0,0,0,0
17,5,126,3,2,636,1,1750,2386,1,5,8,0,1,0,0,0,0,0,1,0
16,8,1,4,4,1554,1,1554,3108,2,4,6,4,2,0,1,0,0,0,0,0
14,7,32,3,3,1386,1,1411,2797,2,3,6,3,2,0,1,0,0,0,0,0
12,5,53,3,3,1056,1,1056,2112,1,3,6,0,1,0,1,0,0,0,0,0
17,6,30,3,3,1056,1,1056,2112,0,3,4,0,2,0,0,0,0,0,1,0
18,6,93,2,3,1440,1,3395,4835,2,2,14,0,0,0,0,0,0,0,0,1
3,2,73,2,3,264,0,800,1064,1,2,4,1,0,0,0,0,0,0,0,1
17,5,55,3,3,811,1,1387,2198,2,4,7,0,1,0,0,0,1,0,0,0
7,5,98,3,2,796,1,796,1592,1,3,4,0,0,0,0,0,0,0,0,1
0,8,0,4,4,1520,1,1567,3087,2,5,7,4,3,0,1,0,0,0,0,0
16,8,5,5,5,1518,1,1518,3036,1,5,6,4,2,0,1,0,0,0,0,0
21,7,6,4,4,1057,1,1929,2986,2,4,7,3,2,0,1,0,0,0,0,0
12,8,37,4,4,1952,1,2704,4656,2,5,9,3,2,0,1,0,0,0,0,0
14,5,38,3,3,780,1,1620,2400,2,3,7,0,2,0,1,0,0,0,0,0
21,9,0,5,5,1766,1,1766,3532,2,5,7,4,3,0,1,0,0,0,0,0
12,6,36,3,3,981,1,981,1962,1,3,5,0,2,0,0,0,0,0,1,0
12,5,58,3,0,0,1,1048,1048,1,3,7,0,2,0,0,0,0,0,1,0
7,6,55,3,3,1094,1,1094,2188,1,3,5,4,2,0,1,0,0,0,0,0
12,6,44,3,3,756,1,1839,2595,1,3,7,3,2,0,1,0,0,0,0,0
10,4,37,3,4,630,1,630,1260,1,3,3,0,0,0,0,0,0,0,0,1
21,7,1,4,4,813,1,1665,2478,2,4,7,0,2,0,1,0,0,0,0,0
7,4,69,3,3,755,1,1510,2265,1,3,7,4,1,0,0,0,0,0,1,0
5,7,13,4,4,880,1,1716,2596,2,4,7,3,2,0,1,0,0,0,0,0
9,6,102,3,3,756,1,1469,2225,1,3,7,0,1,0,0,0,0,0,1,0
15,8,13,4,4,2109,1,2113,4222,2,4,7,3,3,0,1,0,0,0,0,0
2,6,39,3,3,525,1,1092,1617,1,3,6,0,1,0,0,0,0,0,1,0
12,5,49,4,3,1053,1,1053,2106,1,4,5,0,1,0,1,0,0,0,0,0
6,7,77,3,4,776,1,1502,2278,1,3,6,4,1,0,1,0,0,0,0,0
12,6,62,3,3,912,1,1458,2370,1,3,6,4,1,0,1,0,0,0,0,0
7,5,45,3,3,1486,1,1486,2972,1,3,7,0,2,0,0,0,0,0,1,0
14,7,31,3,4,793,1,1935,2728,2,3,7,3,2,0,1,0,0,0,0,0
15,8,15,4,4,1629,1,2448,4077,2,4,8,3,3,0,1,0,0,0,0,0
12,6,41,3,2,1392,1,1392,2784,1,3,5,3,2,0,1,0,0,0,0,0
7,4,36,3,4,1138,1,1181,2319,2,3,6,0,2,0,0,0,0,0,1,0
21,8,1,4,5,2077,1,2097,4174,1,5,8,5,3,0,1,0,0,0,0,0
8,8,6,4,4,1406,1,1936,3342,2,4,7,3,2,0,1,0,0,0,0,0
12,6,42,3,4,1021,1,2380,3401,2,3,7,1,2,0,0,0,0,1,0,0
20,6,14,3,4,1408,1,1679,3087,2,4,7,2,2,0,1,0,0,0,0,0
19,5,50,3,3,1188,1,1437,2625,1,3,6,3,2,0,0,0,0,0,1,0
6,4,84,3,2,700,1,1180,1880,1,2,5,4,1,0,0,0,0,0,1,0
5,6,4,4,4,738,1,1476,2214,2,4,7,0,2,0,1,0,0,0,0,0
7,6,84,3,3,672,0,1369,2041,2,3,6,0,1,0,0,0,0,0,1,0
24,6,29,4,4,1208,1,1208,2416,1,3,6,3,2,0,1,0,0,0,0,0
6,6,50,3,3,1477,1,1839,3316,2,4,7,3,2,0,1,0,0,0,0,0
12,6,43,3,3,1136,1,1136,2272,1,3,5,4,1,0,1,0,0,0,0,0
13,6,31,3,3,855,1,1441,2296,2,3,7,3,2,0,1,0,0,0,0,0
17,4,106,3,3,1095,0,1774,2869,2,3,8,0,3,1,0,0,0,0,0,0
17,5,85,4,3,768,1,792,1560,1,4,5,0,1,0,0,0,0,0,1,0
22,8,1,4,5,2046,1,2046,4092,2,4,7,4,3,0,1,0,0,0,0,0
19,5,46,3,3,988,1,988,1976,1,3,5,0,2,0,0,0,0,0,1,0
20,6,30,3,4,923,1,923,1846,2,3,5,3,1,0,1,0,0,0,0,0
18,5,77,3,3,793,1,1520,2313,1,3,6,0,1,0,0,0,0,0,1,0
4,6,12,3,4,1291,1,1291,2582,1,4,6,4,2,0,1,0,0,0,0,0
5,9,5,4,4,1626,1,1668,3294,2,4,7,3,3,0,1,0,0,0,0,0
15,7,12,4,4,1195,1,1839,3034,2,3,7,0,2,0,1,0,0,0,0,0
22,7,23,4,4,1190,1,2090,3280,2,4,6,3,2,0,1,0,0,0,0,0
21,7,0,4,4,874,1,1761,2635,3,4,7,0,2,0,1,0,0,0,0,0
21,7,3,4,4,551,1,1102,1653,2,4,4,0,2,0,0,0,0,0,1,0
22,8,0,4,4,1419,1,1419,2838,2,4,7,4,2,0,1,0,0,0,0,0
16,6,2,4,4,1362,1,1362,2724,2,4,6,4,2,0,1,0,0,0,0,0
5,6,4,4,4,848,1,848,1696,1,4,3,3,2,0,1,0,0,0,0,0
15,10,13,5,5,2444,1,4316,6760,3,5,10,5,3,0,1,0,0,0,0,0
23,7,17,4,4,1210,1,2519,3729,2,4,9,4,2,0,1,0,0,0,0,0
17,5,85,3,3,1073,1,1073,2146,1,3,4,0,1,0,0,0,0,0,1,0
3,5,73,3,3,927,1,1539,2466,1,3,5,0,2,0,0,0,0,0,1,0
23,6,19,3,4,1112,1,1137,2249,2,4,5,3,2,0,1,0,0,0,0,0
3,5,85,3,3,616,1,616,1232,1,3,4,0,1,0,0,0,0,0,1,0
7,5,54,3,5,980,1,1148,2128,1,3,6,0,1,0,0,0,0,0,1,0
19,5,45,3,3,894,1,894,1788,1,3,5,4,1,0,0,0,0,0,1,0
21,7,4,4,4,1391,1,1391,2782,2,4,5,0,2,0,1,0,0,0,0,0
23,8,4,4,5,1800,1,1800,3600,2,4,7,4,3,0,1,0,0,0,0,0
14,7,37,3,3,1164,1,1164,2328,1,3,6,0,2,0,1,0,0,0,0,0
22,8,0,5,5,1234,1,2576,3810,2,5,10,4,3,0,0,0,1,0,0,0
17,5,110,3,4,360,1,1812,2172,2,4,8,1,2,0,0,0,0,0,1,0
5,7,6,4,4,1473,1,1484,2957,2,4,7,0,2,0,1,0,0,0,0,0
9,4,80,2,0,0,0,1092,1092,2,2,7,0,0,0,0,0,0,0,0,1
4,7,36,3,4,1643,1,1824,3467,2,4,5,3,2,0,1,0,0,0,0,0
16,8,3,4,4,1324,1,1324,2648,2,4,6,4,2,0,1,0,0,0,0,0
8,7,0,4,4,728,1,1456,2184,2,4,8,4,2,0,1,0,0,0,0,0
19,5,42,3,3,876,1,904,1780,1,3,6,0,1,0,1,0,0,0,0,0
3,3,73,4,3,270,1,729,999,1,3,5,0,0,0,0,0,0,0,0,1
9,4,110,3,3,859,1,1178,2037,1,3,7,0,1,0,0,0,0,0,1,0
22,8,20,4,4,1228,1,1228,2456,2,4,5,4,2,0,1,0,0,0,0,0
3,4,36,3,3,960,0,960,1920,1,3,6,0,2,0,0,0,0,0,1,0
19,6,34,4,3,725,1,1479,2204,2,4,6,0,2,0,1,0,0,0,0,0
14,6,35,3,4,1064,1,1350,2414,2,3,7,3,2,0,1,0,0,0,0,0
17,7,117,3,3,718,1,2554,3272,1,3,8,0,2,0,0,0,0,0,1,0
14,5,35,3,4,1176,1,1178,2354,1,4,5,2,2,0,1,0,0,0,0,0
15,7,15,4,4,1311,1,2418,3729,2,4,9,3,3,0,1,0,0,0,0,0
5,5,37,3,4,971,1,971,1942,1,3,5,1,1,0,1,0,0,0,0,0
22,8,21,4,4,1742,1,1742,3484,2,4,5,3,2,0,1,0,0,0,0,0
5,6,6,4,4,848,1,848,1696,1,4,3,0,2,0,1,0,0,0,0,0
12,4,39,3,3,864,1,864,1728,1,3,5,0,2,0,0,0,0,0,1,0
7,4,54,3,3,941,1,1470,2411,2,3,7,0,1,0,0,0,0,0,1,0
7,9,2,5,5,1698,1,1698,3396,2,5,8,4,3,0,1,0,0,0,0,0
12,4,39,3,3,864,1,864,1728,1,4,5,0,2,0,0,0,0,0,1,0
6,6,21,4,4,880,1,1680,2560,2,4,5,4,2,0,1,0,0,0,0,0
5,7,2,4,4,1232,1,1232,2464,2,4,6,0,2,0,1,0,0,0,0,0
12,5,51,3,3,1584,1,1776,3360,2,3,9,0,3,0,0,0,0,0,1,0
9,4,84,3,3,780,1,1208,1988,1,3,5,0,2,0,0,0,0,0,1,0
22,8,15,4,4,1595,1,1616,3211,2,4,5,3,2,0,1,0,0,0,0,0
23,7,4,4,5,868,1,1146,2014,2,4,6,4,2,0,1,0,0,0,0,0
5,7,10,4,4,1153,1,2031,3184,2,4,8,3,2,0,1,0,0,0,0,0
19,5,48,3,3,864,1,1144,2008,1,3,6,3,1,0,1,0,0,0,0,0
19,5,39,3,3,948,1,948,1896,1,3,6,0,1,0,1,0,0,0,0,0
17,7,92,3,4,880,0,1768,2648,1,3,6,3,2,0,0,0,0,0,1,0
12,3,56,3,0,0,0,1040,1040,2,3,6,0,2,0,0,0,0,0,1,0
8,8,1,4,4,893,1,1801,2694,2,4,8,4,3,0,1,0,0,0,0,0
7,5,22,3,4,1200,1,1200,2400,3,3,5,0,0,0,0,0,0,0,0,1
5,7,5,4,4,864,1,1728,2592,2,4,7,0,2,0,1,0,0,0,0,0
17,5,97,3,2,264,1,1432,1696,2,3,7,0,2,0,0,0,0,0,1,0
19,6,47,3,3,912,1,912,1824,1,4,5,0,1,0,0,0,0,0,1,0
20,7,7,3,4,1349,1,1349,2698,2,3,6,0,2,0,1,0,0,0,0,0
19,5,46,3,4,520,1,1464,1984,2,3,6,3,2,0,1,0,0,0,0,0
22,8,15,4,4,1337,1,1337,2674,2,4,5,3,2,0,1,0,0,0,0,0
14,8,32,5,3,1142,1,2715,3857,3,4,11,3,2,0,0,0,1,0,0,0
8,7,9,4,4,952,1,2256,3208,2,4,8,3,2,0,0,0,1,0,0,0
17,7,129,4,3,1240,0,2640,3880,1,4,8,4,4,0,0,0,0,0,1,0
15,7,14,4,4,1720,1,1720,3440,2,4,7,3,2,0,1,0,0,0,0,0
7,4,64,3,0,0,0,1529,1529,2,3,9,0,1,0,0,0,0,0,1,0
17,4,100,3,3,576,1,1140,1716,1,3,7,0,0,0,0,0,0,0,0,1
8,7,4,4,4,660,1,1320,1980,2,4,6,0,2,0,1,0,0,0,0,0
5,6,9,3,4,1479,1,1494,2973,2,4,6,0,2,0,1,0,0,0,0,0
16,8,1,4,4,1030,1,2098,3128,2,5,8,4,3,0,1,0,0,0,0,0
12,6,40,3,3,1026,1,1026,2052,1,4,5,0,2,0,0,0,0,0,1,0
21,6,10,3,4,729,1,1471,2200,2,3,6,0,2,0,0,0,0,0,1,0
5,8,2,4,4,866,1,1768,2634,2,4,7,0,2,0,1,0,0,0,0,0
19,6,32,3,3,672,1,1386,2058,2,3,6,3,2,0,1,0,0,0,0,0
21,7,9,3,4,744,1,1501,2245,2,3,6,0,2,0,0,0,0,0,1,0
15,8,12,4,4,1318,1,2531,3849,2,4,9,3,3,0,1,0,0,0,0,0
12,6,50,3,3,864,1,864,1728,1,3,5,0,1,0,0,0,0,0,1,0
3,5,85,3,3,1145,1,1301,2446,1,2,5,0,2,0,0,0,0,0,1,0
21,7,1,3,4,756,1,1547,2303,2,4,7,0,2,0,1,0,0,0,0,0
15,8,10,4,4,1252,1,2365,3617,2,4,8,4,3,0,1,0,0,0,0,0
24,8,11,4,4,1494,1,1494,2988,1,5,6,4,2,0,1,0,0,0,0,0
21,9,0,4,4,1498,1,1506,3004,2,5,6,4,2,0,1,0,0,0,0,0
14,7,22,3,4,980,1,1714,2694,2,3,7,3,2,0,1,0,0,0,0,0
11,6,68,3,4,983,1,1750,2733,2,3,7,0,1,0,1,0,0,0,0,0
5,7,2,4,4,1860,1,1836,3696,2,4,8,4,2,0,1,0,0,0,0,0
22,8,7,5,4,1650,1,3279,4929,3,5,12,4,3,0,0,0,1,0,0,0
19,5,27,3,4,858,1,858,1716,1,3,5,0,2,0,0,0,0,0,1,0
7,4,55,3,2,836,1,1220,2056,1,3,6,0,2,0,0,0,0,0,1,0
7,6,34,3,3,1029,1,1117,2146,1,3,6,3,2,0,0,0,0,0,1,0
12,5,49,3,3,912,1,912,1824,1,3,5,0,1,0,1,0,0,0,0,0
16,8,1,4,4,1935,1,1973,3908,2,4,9,4,3,0,1,0,0,0,0,0
11,6,11,3,5,1204,1,1204,2408,2,3,5,0,2,0,1,0,0,0,0,0
5,7,1,4,4,1614,1,1614,3228,2,4,7,0,3,0,1,0,0,0,0,0
19,5,32,3,3,864,1,894,1758,1,3,5,2,2,0,1,0,0,0,0,0
20,5,30,3,0,0,1,2020,2020,2,3,10,3,2,0,0,0,0,0,1,0
11,6,29,3,4,975,1,1004,1979,1,3,4,0,2,0,1,0,0,0,0,0
8,7,12,3,4,1237,1,1253,2490,2,3,6,3,2,0,1,0,0,0,0,0
20,6,14,4,4,761,1,1603,2364,2,4,7,0,2,0,1,0,0,0,0,0
5,7,8,4,4,1413,1,1430,2843,2,4,6,0,2,0,1,0,0,0,0,0
11,5,31,3,4,1097,1,1110,2207,1,4,4,3,2,0,1,0,0,0,0,0
17,6,94,3,3,742,1,1484,2226,2,3,9,4,0,0,0,0,0,0,0,1
14,6,42,3,3,1372,1,1342,2714,2,3,7,4,2,0,1,0,0,0,0,0
17,5,95,3,2,686,1,1652,2338,2,3,7,0,1,0,0,0,0,0,1,0
20,7,6,4,4,956,1,2084,3040,2,4,8,0,2,0,0,0,1,0,0,0
17,4,54,3,3,901,1,901,1802,1,3,4,0,1,0,0,0,0,0,1,0
4,6,41,3,3,832,1,2087,2919,2,4,9,0,2,0,1,0,0,0,0,0
0,7,4,4,4,1145,1,1145,2290,2,4,5,4,2,0,1,0,0,0,0,0
11,6,31,3,4,1029,1,1062,2091,1,3,5,3,2,0,1,0,0,0,0,0
15,7,11,4,4,1117,1,2013,3130,2,3,8,3,2,0,1,0,0,0,0,0
21,8,0,4,4,1496,1,1496,2992,2,4,7,0,2,0,1,0,0,0,0,0
8,7,14,4,4,712,1,1895,2607,2,4,7,3,2,0,1,0,0,0,0,0
20,6,30,3,4,650,1,1564,2214,2,3,7,3,2,0,1,0,0,0,0,0
19,6,30,3,3,660,1,1285,1945,1,3,7,3,2,0,1,0,0,0,0,0
12,5,55,3,3,773,1,773,1546,1,3,4,0,1,0,1,0,0,0,0,0
16,9,1,5,5,1926,1,3140,5066,3,5,11,4,3,0,0,0,1,0,0,0
18,5,70,3,4,731,1,1768,2499,1,4,7,3,1,0,0,0,0,0,1,0
4,6,11,3,4,616,1,1688,2304,2,4,8,0,2,0,1,0,0,0,0,0
9,4,91,3,3,1196,1,1196,2392,1,3,5,0,2,0,0,0,0,0,1,0
5,7,3,4,4,728,1,1456,2184,2,4,7,4,2,0,1,0,0,0,0,0
16,9,1,5,5,1734,1,2822,4556,3,5,12,4,3,0,0,0,1,0,0,0
12,5,52,3,3,936,1,1128,2064,1,3,5,0,1,0,1,0,0,0,0,0
21,7,0,4,4,1417,1,1428,2845,2,5,6,0,2,0,1,0,0,0,0,0
12,5,39,3,3,980,1,980,1960,2,3,6,0,1,0,1,0,0,0,0,0
3,5,86,3,3,1324,1,1576,2900,1,4,6,3,2,0,1,0,0,0,0,0
12,5,40,3,3,1024,1,1086,2110,1,3,6,4,2,0,1,0,0,0,0,0
17,5,111,3,3,849,0,2138,2987,2,3,11,0,2,0,0,0,0,0,1,0
14,6,32,3,3,1040,1,1309,2349,1,4,5,2,2,0,1,0,0,0,0,0
5,6,4,4,4,848,1,848,1696,1,4,4,4,2,0,1,0,0,0,0,0
9,5,58,2,3,540,0,1044,1584,1,2,4,0,2,0,0,1,0,0,0,0
12,6,49,3,3,1442,1,1442,2884,1,3,7,0,1,0,1,0,0,0,0,0
7,5,88,3,3,686,1,1250,1936,1,2,7,0,1,0,0,0,0,0,1,0
5,7,12,3,4,1649,1,1661,3310,2,4,6,0,2,0,1,0,0,0,0,0
12,5,52,3,3,1008,1,1008,2016,1,3,4,4,1,0,1,0,0,0,0,0
11,8,6,4,4,1568,1,1689,3257,2,4,7,4,3,0,1,0,0,0,0,0
4,6,39,3,3,1010,1,1052,2062,1,3,6,0,2,0,1,0,0,0,0,0
16,7,1,4,4,1358,1,1358,2716,2,4,6,4,2,0,1,0,0,0,0,0
5,7,5,4,4,798,1,1640,2438,2,4,6,0,2,0,1,0,0,0,0,0
17,4,56,2,2,936,0,936,1872,1,3,4,0,2,0,0,0,0,0,1,0
8,7,4,4,4,847,1,1733,2580,2,4,7,4,2,0,0,0,1,0,0,0
18,6,69,3,3,778,1,1489,2267,2,3,7,4,1,0,0,0,0,0,1,0
21,8,0,4,4,1489,1,1489,2978,2,4,7,4,2,0,1,0,0,0,0,0
16,10,1,5,5,2078,1,2084,4162,2,5,7,4,3,0,1,0,0,0,0,0
3,5,84,3,3,784,1,784,1568,1,4,5,0,0,0,0,0,0,0,0,1
20,7,8,4,4,1454,1,1434,2888,2,4,6,3,2,0,1,0,0,0,0,0
4,5,42,3,3,1013,1,2126,3139,2,3,7,0,2,0,1,0,0,0,0,0
21,7,1,4,4,600,1,1223,1823,2,4,4,0,2,0,0,0,0,0,1,0
12,6,51,3,3,1392,1,1392,2784,1,3,6,4,2,0,1,0,0,0,0,0
21,7,1,3,4,600,1,1200,1800,2,4,4,0,2,0,0,0,0,0,1,0
5,7,7,4,4,941,1,1829,2770,2,4,7,3,2,0,1,0,0,0,0,0
12,6,45,3,3,1516,1,1516,3032,1,3,6,0,2,0,1,0,0,0,0,0
12,5,47,3,3,1144,1,1144,2288,1,3,6,0,2,0,1,0,0,0,0,0
19,4,60,3,4,1067,1,1067,2134,2,4,4,0,2,0,1,0,0,0,0,0
17,5,59,3,3,1559,1,1559,3118,1,3,5,0,2,0,0,0,0,0,1,0
2,6,35,3,3,483,1,987,1470,1,3,5,0,1,0,0,0,0,0,1,0
5,5,13,3,4,1099,1,1099,2198,1,4,6,0,1,0,1,0,0,0,0,0
7,5,62,3,3,768,1,1200,1968,1,3,6,0,1,0,0,0,0,0,1,0
18,6,83,3,3,672,0,1482,2154,2,2,7,0,1,0,0,0,0,0,1,0
17,5,104,3,3,650,1,1539,2189,2,4,8,1,2,0,0,0,0,0,1,0
12,6,42,3,3,1127,1,1165,2292,1,3,6,0,2,0,1,0,0,0,0,0
12,5,46,3,3,1800,0,1800,3600,2,3,10,0,0,0,0,0,0,0,0,1
17,5,93,3,3,876,1,1416,2292,1,3,7,4,3,0,0,0,0,0,1,0
19,5,32,3,4,1390,1,1701,3091,2,3,6,3,2,0,0,1,0,0,0,0
20,7,16,4,4,740,1,1775,2515,2,4,7,3,2,0,1,0,0,0,0,0
5,5,37,3,3,864,1,864,1728,1,3,5,2,1,0,1,0,0,0,0,0
4,6,100,3,3,907,1,2358,3265,3,3,10,4,2,0,0,0,0,0,1,0
24,6,31,4,3,528,1,1855,2383,2,3,7,3,2,0,1,0,0,0,0,0
5,6,4,4,4,848,1,848,1696,1,4,3,0,2,0,1,0,0,0,0,0
0,8,3,4,4,1273,1,1456,2729,2,4,7,3,2,0,1,0,0,0,0,0
6,7,66,3,3,918,1,1646,2564,2,3,7,4,1,0,0,0,0,0,1,0
12,6,45,3,3,1127,1,1445,2572,1,3,7,2,2,0,1,0,0,0,0,0
19,5,51,3,3,1763,1,1779,3542,1,3,6,4,2,0,1,0,0,0,0,0
19,5,48,3,3,1040,1,1040,2080,1,3,6,0,1,0,0,0,0,0,1,0
5,6,30,3,4,940,1,1026,1966,1,3,5,0,2,0,0,0,0,0,1,0
8,6,15,3,4,702,1,1481,2183,2,3,6,3,2,0,1,0,0,0,0,0
14,7,33,3,4,1090,1,1370,2460,2,3,6,3,2,0,1,0,0,0,0,0
14,6,38,3,3,1054,1,2654,3708,2,4,9,4,2,0,1,0,0,0,0,0
6,7,89,4,3,912,1,1426,2338,1,4,7,4,1,0,0,0,0,0,1,0
19,5,45,3,3,1039,1,1039,2078,1,3,6,0,2,0,1,0,0,0,0,0
20,6,26,3,4,1040,1,1097,2137,2,3,6,0,2,0,1,0,0,0,0,0
12,5,50,3,3,1148,1,1148,2296,1,3,6,0,1,0,1,0,0,0,0,0
21,7,1,4,5,1372,1,1372,2744,2,4,6,0,2,0,1,0,0,0,0,0
12,5,39,3,3,1002,1,1002,2004,1,3,5,0,2,0,0,0,0,0,1,0
23,8,1,4,4,1638,1,1646,3284,2,4,6,4,3,0,1,0,0,0,0,0
19,4,46,3,3,1040,1,1120,2160,1,2,5,0,2,0,1,0,0,0,0,0
8,5,58,3,0,0,1,2320,2320,2,3,7,3,2,0,1,0,0,0,0,0
20,7,17,4,4,1050,1,1949,2999,2,4,8,3,2,0,1,0,0,0,0,0
12,5,47,3,3,894,0,894,1788,1,3,5,0,1,0,0,0,0,0,1,0
5,6,12,3,4,804,1,1682,2486,2,4,7,0,2,0,1,0,0,0,0,0
12,5,55,4,3,105,1,910,1015,1,4,5,0,2,0,1,0,0,0,0,0
12,5,60,4,3,832,1,1268,2100,1,3,6,4,1,0,1,0,0,0,0,0
17,5,68,3,3,676,1,1131,1807,1,3,5,0,1,0,0,0,0,0,1,0
21,8,0,4,4,1184,1,2610,3794,2,5,11,4,2,0,0,0,1,0,0,0
11,4,44,3,3,1064,1,1040,2104,1,3,5,0,2,0,1,0,0,0,0,0
16,9,5,4,5,1462,1,2224,3686,2,5,10,4,3,0,1,0,0,0,0,0
19,5,49,3,3,1109,1,1155,2264,1,4,6,0,2,0,0,0,0,0,1,0
5,5,31,4,3,864,1,864,1728,1,3,6,0,1,0,1,0,0,0,0,0
7,5,2,3,5,1090,1,1090,2180,1,3,5,0,2,0,1,0,0,0,0,0
23,7,17,4,4,1156,1,1717,2873,2,4,7,3,2,0,1,0,0,0,0,0
8,6,17,3,4,808,1,1593,2401,2,3,7,3,2,0,0,0,1,0,0,0
18,4,94,4,3,795,0,2230,3025,1,3,10,0,1,0,0,0,0,0,1,0
12,5,42,3,3,892,1,892,1784,1,3,5,0,1,0,1,0,0,0,0,0
21,9,9,4,5,1698,1,1709,3407,2,4,5,3,2,0,1,0,0,0,0,0
12,5,47,3,3,1626,1,1712,3338,2,3,8,0,2,0,1,0,0,0,0,0
7,5,53,3,3,816,1,1393,2209,1,3,8,0,1,0,1,0,0,0,0,0
12,8,37,4,3,2217,1,2217,4434,2,4,8,3,2,0,1,0,0,0,0,0
12,6,56,3,3,1505,1,1505,3010,1,3,6,3,2,0,1,0,0,0,0,0
12,5,58,3,3,672,1,924,1596,1,3,6,1,2,0,0,0,0,0,1,0
19,6,31,3,3,918,1,1683,2601,2,3,7,3,2,0,1,0,0,0,0,0
19,6,43,3,3,1059,1,1068,2127,1,3,6,0,1,0,1,0,0,0,0,0
19,5,54,3,4,1383,1,1383,2766,1,3,6,4,1,0,1,0,0,0,0,0
20,5,30,3,0,0,1,1535,1535,2,3,8,0,2,0,1,0,0,0,0,0
12,6,45,3,3,780,1,1796,2576,1,3,8,3,2,0,1,0,0,0,0,0
9,4,70,3,3,951,0,951,1902,1,3,6,0,1,0,0,0,0,0,1,0
20,5,30,3,0,0,1,2240,2240,2,3,12,0,2,0,0,0,0,0,1,0
16,9,1,5,5,2330,1,2364,4694,2,5,11,4,3,0,1,0,0,0,0,0
19,5,45,3,3,912,1,1236,2148,1,3,6,3,1,0,1,0,0,0,0,0
12,4,36,3,3,858,1,858,1716,1,3,4,0,1,0,0,0,0,0,1,0
12,5,52,3,3,992,1,1306,2298,1,3,5,0,1,0,0,0,0,0,1,0
8,7,3,4,4,783,1,1509,2292,2,4,8,4,2,0,1,0,0,0,0,0
8,7,0,4,4,1670,1,1670,3340,2,4,7,4,3,0,1,0,0,0,0,0
19,5,40,3,3,876,1,902,1778,1,3,6,0,1,0,1,0,0,0,0,0
12,5,56,3,3,1056,1,1063,2119,1,3,6,0,1,0,1,0,0,0,0,0
21,8,1,4,4,1623,1,1636,3259,2,4,8,4,3,0,1,0,0,0,0,0
6,7,70,4,4,1017,1,2057,3074,1,4,6,4,1,0,1,0,0,0,0,0
11,5,23,3,4,864,1,902,1766,1,3,5,0,2,0,1,0,0,0,0,0
8,6,4,4,4,742,1,1484,2226,2,4,8,4,2,0,1,0,0,0,0,0
12,5,50,3,3,1105,1,2274,3379,2,3,12,0,2,0,0,0,0,0,1,0
5,5,32,3,4,1268,1,1268,2536,1,4,5,0,1,0,0,0,0,0,1,0
3,5,81,3,3,768,0,1015,1783,1,3,6,0,1,0,0,0,0,0,1,0
6,5,58,3,3,1001,0,2002,3003,2,3,8,0,3,1,0,0,0,0,0,0
21,6,0,4,4,612,1,1224,1836,2,4,4,0,2,0,0,0,0,0,1,0
10,4,37,3,3,546,1,1092,1638,1,3,6,0,1,0,1,0,0,0,0,0
9,2,57,3,3,480,0,480,960,0,3,4,0,1,0,0,0,0,0,1,0
7,4,53,3,3,1134,1,1229,2363,1,3,6,0,1,0,1,0,0,0,0,0
20,7,16,4,5,1104,1,2127,3231,2,4,8,3,3,0,1,0,0,0,0,0
12,6,50,5,4,1184,1,1414,2598,1,3,6,3,2,0,1,0,0,0,0,0
20,6,13,4,4,928,1,1721,2649,2,4,7,0,2,0,1,0,0,0,0,0
7,5,108,3,3,1272,1,2200,3472,2,3,9,0,0,0,0,0,0,0,0,1
8,6,1,4,4,1316,1,1316,2632,2,4,6,4,2,0,1,0,0,0,0,0
20,6,15,4,4,1604,1,1617,3221,2,4,5,2,2,0,1,0,0,0,0,0
14,6,26,3,4,1686,1,1686,3372,2,3,7,3,2,0,1,0,0,0,0,0
14,5,31,3,4,1126,1,1126,2252,2,5,6,0,2,0,1,0,0,0,0,0
16,8,4,4,4,1181,1,2374,3555,2,5,10,4,3,0,0,0,1,0,0,0
14,7,40,3,3,832,1,1978,2810,2,3,9,4,2,0,1,0,0,0,0,0
5,8,8,4,4,1753,1,1788,3541,2,5,7,3,2,0,1,0,0,0,0,0
8,7,9,3,4,964,1,2236,3200,2,4,8,3,2,0,0,0,1,0,0,0
23,8,2,4,4,1466,1,1466,2932,2,4,7,0,3,0,1,0,0,0,0,0
12,5,44,3,3,925,1,925,1850,1,3,5,0,1,0,0,0,0,0,1,0
21,9,1,5,5,1905,1,1905,3810,2,5,8,4,3,0,1,0,0,0,0,0
5,7,5,4,4,1500,1,1500,3000,2,4,6,0,2,0,1,0,0,0,0,0
12,7,48,3,4,585,1,2069,2654,2,4,9,4,2,0,1,0,0,0,0,0
3,4,80,3,2,600,1,747,1347,1,3,5,0,2,0,0,0,0,0,1,0
20,7,6,4,4,1176,1,1200,2376,2,4,5,0,2,0,1,0,0,0,0,0
21,7,4,4,4,1113,1,1971,3084,2,4,8,4,2,0,1,0,0,0,0,0
5,7,0,4,4,1391,1,1962,3353,2,4,7,0,3,0,1,0,0,0,0,0
4,7,70,3,3,1032,1,2403,3435,2,3,10,3,1,0,1,0,0,0,0,0
11,6,30,3,3,1728,1,1728,3456,2,3,8,0,2,0,1,0,0,0,0,0
8,7,10,4,4,992,1,2060,3052,2,4,8,3,2,0,0,0,1,0,0,0
7,4,30,3,4,1440,1,1440,2880,2,3,8,0,0,0,0,0,0,0,0,1
11,5,40,3,3,1632,1,1632,3264,2,3,8,0,2,0,1,0,0,0,0,0
23,6,51,3,3,819,1,1344,2163,1,4,7,4,2,0,0,1,0,0,0,0
17,5,119,3,3,1088,1,1869,2957,1,3,7,0,2,0,0,0,0,0,1,0
12,5,47,3,3,1144,1,1144,2288,1,3,6,3,1,0,1,0,0,0,0,0
23,8,5,4,4,1616,1,1629,3245,2,4,9,4,3,0,1,0,0,0,0,0
5,7,4,4,4,936,1,1776,2712,2,4,7,3,2,0,1,0,0,0,0,0
14,6,38,3,3,1161,1,1381,2542,1,4,5,3,2,0,1,0,0,0,0,0
12,5,57,3,3,864,1,864,1728,1,4,5,0,2,0,0,0,0,0,1,0
20,5,41,3,3,828,1,965,1793,1,3,6,0,1,0,0,0,0,0,1,0
5,5,37,3,4,768,1,768,1536,1,3,5,0,1,0,0,0,0,0,1,0
11,5,39,3,3,784,1,1968,2752,2,3,7,1,2,0,1,0,0,0,0,0
7,6,31,3,4,945,1,980,1925,2,3,4,0,0,0,0,0,0,0,0,1
6,6,61,3,4,979,0,1958,2937,2,3,8,0,2,0,1,0,0,0,0,0
1,6,29,3,4,561,1,1229,1790,1,3,5,3,2,0,1,0,0,0,0,0
19,5,45,3,3,1057,1,1057,2114,1,3,6,0,2,0,0,0,0,0,1,0
5,7,4,4,4,1337,1,1337,2674,2,4,6,0,2,0,1,0,0,0,0,0
21,7,11,4,4,696,1,1416,2112,2,4,6,0,2,0,0,0,0,0,1,0
3,5,52,3,3,858,1,858,1716,1,3,4,0,0,0,0,0,0,0,0,1
14,6,31,3,4,1330,1,2872,4202,2,3,11,3,2,0,1,0,0,0,0,0
13,6,31,3,4,804,1,1548,2352,2,4,7,3,2,0,0,0,0,0,1,0
5,9,2,4,5,1800,1,1800,3600,2,5,7,0,2,0,1,0,0,0,0,0
23,7,8,4,4,817,1,1894,2711,2,4,8,4,2,0,0,0,1,0,0,0
8,6,2,4,4,783,1,1484,2267,2,4,8,4,2,0,1,0,0,0,0,0
6,5,69,4,3,728,1,1308,2036,1,3,7,3,1,0,0,0,0,0,1,0
12,5,53,3,3,1098,1,1098,2196,1,3,6,0,1,0,1,0,0,0,0,0
17,3,99,3,3,600,0,968,1568,1,3,6,0,0,0,0,0,0,0,0,1
12,6,48,3,3,588,1,1095,1683,1,3,6,0,1,0,1,0,0,0,0,0
12,4,57,3,3,720,0,1192,1912,1,3,6,0,0,0,0,0,0,0,0,1
16,7,6,4,4,764,1,1626,2390,2,4,6,0,2,0,0,0,1,0,0,0
20,6,31,3,4,918,1,918,1836,2,3,5,3,1,0,1,0,0,0,0,0
21,7,1,4,4,1428,1,1428,2856,2,4,6,0,2,0,1,0,0,0,0,0
3,7,99,3,4,728,0,2019,2747,1,4,8,0,2,0,0,0,0,0,1,0
21,7,6,4,4,673,1,1382,2055,2,4,6,0,2,0,0,0,0,0,1,0
3,4,83,3,4,440,1,869,1309,1,2,4,0,0,0,0,0,0,0,0,1
21,7,1,4,4,1241,1,1241,2482,1,4,4,0,2,0,1,0,0,0,0,0
7,4,53,3,3,894,1,894,1788,1,3,5,0,2,0,0,0,0,0,1,0
19,5,46,3,3,1121,1,1121,2242,1,3,5,0,2,0,0,0,0,0,1,0
12,7,47,5,3,944,1,999,1943,1,5,6,0,2,0,1,0,0,0,0,0
15,8,11,4,4,1225,1,2612,3837,2,4,8,3,3,0,1,0,0,0,0,0
0,7,1,4,4,1266,1,1266,2532,2,4,6,4,2,0,1,0,0,0,0,0
5,8,6,4,4,1128,1,2290,3418,2,4,9,4,2,0,1,0,0,0,0,0
11,5,32,3,0,0,1,1734,1734,2,4,8,0,2,0,1,0,0,0,0,0
7,5,58,3,3,1164,0,1164,2328,1,3,5,0,1,0,0,0,0,0,1,0
17,6,96,3,3,485,1,1635,2120,1,4,5,0,1,0,1,0,0,0,0,0
16,9,1,5,5,1930,1,1940,3870,2,5,8,4,3,0,1,0,0,0,0,0
14,6,31,3,3,848,1,2030,2878,2,4,8,3,2,0,1,0,0,0,0,0
21,7,0,4,4,770,1,1576,2346,2,4,6,0,2,0,1,0,0,0,0,0
15,8,9,4,4,1396,1,2392,3788,2,4,7,3,3,0,1,0,0,0,0,0
17,8,127,4,3,916,1,1742,2658,1,4,8,4,2,0,1,0,0,0,0,0
12,6,43,3,3,822,1,1851,2673,2,4,7,2,2,0,1,0,0,0,0,0
5,6,1,3,4,750,1,1500,2250,2,4,6,0,2,0,1,0,0,0,0,0
16,10,3,5,5,1700,1,1718,3418,2,5,7,4,3,0,1,0,0,0,0,0
3,4,60,3,3,747,1,1230,1977,1,3,5,0,1,0,0,0,0,0,1,0
12,5,45,3,3,1050,1,1050,2100,1,3,6,0,1,0,1,0,0,0,0,0
14,6,39,3,3,1442,1,1442,2884,2,3,6,3,2,0,1,0,0,0,0,0
9,3,84,3,3,1007,0,1077,2084,1,3,6,4,1,0,0,0,0,0,1,0
5,7,4,4,4,1187,1,1208,2395,2,4,6,0,2,0,1,0,0,0,0,0
7,3,57,3,0,0,0,944,944,1,2,4,0,2,0,0,0,0,0,1,0
17,5,87,3,2,691,1,691,1382,1,5,4,0,1,0,0,0,0,0,1,0
21,8,2,4,4,1574,1,1574,3148,2,4,7,4,3,0,1,0,0,0,0,0
14,5,31,3,3,1680,1,1680,3360,2,3,8,0,2,0,0,0,0,0,1,0
0,7,4,4,4,1346,1,1504,2850,2,4,7,4,2,0,1,0,0,0,0,0
5,5,31,4,4,985,1,985,1970,2,3,6,0,1,0,1,0,0,0,0,0
12,6,37,3,4,1657,1,1657,3314,2,3,7,3,2,0,1,0,0,0,0,0
10,4,39,3,3,546,1,1092,1638,1,3,6,0,1,0,1,0,0,0,0,0
11,7,5,4,5,1710,1,1710,3420,2,4,7,4,2,0,1,0,0,0,0,0
18,5,80,3,3,1008,1,1522,2530,2,3,7,0,0,0,0,0,0,0,0,1
19,5,60,3,3,720,1,1271,1991,2,3,7,4,1,0,1,0,0,0,0,0
7,5,45,3,0,0,0,1664,1664,2,3,8,0,0,0,0,0,0,0,0,1
6,6,84,3,3,602,1,1502,2104,1,4,7,3,1,0,0,0,0,0,1,0
17,5,99,3,3,1022,0,1022,2044,1,3,4,0,1,0,0,0,0,0,1,0
12,6,59,3,3,1082,1,1082,2164,1,3,5,4,1,0,0,0,0,0,1,0
14,8,8,4,4,810,1,1665,2475,2,4,6,0,2,0,1,0,0,0,0,0
5,7,13,4,4,1504,1,1504,3008,2,4,6,3,2,0,1,0,0,0,0,0
22,8,25,4,4,1220,1,1360,2580,1,4,4,5,2,0,1,0,0,0,0,0
8,7,16,4,4,384,1,1472,1856,2,4,7,3,2,0,1,0,0,0,0,0
0,7,1,4,4,1362,1,1506,2868,2,4,6,4,2,0,1,0,0,0,0,0
7,4,3,3,4,1132,1,1132,2264,1,4,5,0,2,0,1,0,0,0,0,0
5,7,0,4,4,1199,1,1220,2419,2,4,6,0,2,0,1,0,0,0,0,0
17,5,77,3,3,912,1,1248,2160,1,3,6,0,1,0,0,0,0,0,1,0
0,7,3,4,4,1346,1,1504,2850,2,4,7,4,2,0,1,0,0,0,0,0
23,8,32,4,4,1565,1,2898,4463,2,4,10,4,2,0,1,0,0,0,0,0
5,5,35,3,3,882,1,882,1764,1,3,5,0,2,0,0,0,0,0,1,0
12,5,50,3,3,1268,1,1264,2532,1,3,6,4,2,0,1,0,0,0,0,0
23,8,1,4,4,1638,1,1646,3284,2,4,7,4,3,0,1,0,0,0,0,0
12,5,66,3,3,768,1,1376,2144,1,3,6,4,1,0,1,0,0,0,0,0
2,6,34,3,3,672,1,1218,1890,1,3,7,0,1,0,0,0,0,0,1,0
18,5,90,3,3,686,1,1928,2614,2,3,10,0,0,0,0,0,0,0,0,1
18,7,89,3,3,824,1,3082,3906,2,3,12,3,2,0,0,1,0,0,0,0
15,8,13,4,4,1338,1,2520,3858,2,4,10,3,3,0,1,0,0,0,0,0
5,7,4,4,4,1654,1,1654,3308,2,4,6,0,3,0,1,0,0,0,0,0
6,5,69,3,2,920,1,954,1874,1,2,5,4,1,0,0,1,0,0,0,0
7,4,52,3,0,0,0,845,845,1,3,5,0,1,0,0,0,0,0,1,0
23,9,2,4,5,1620,1,1620,3240,2,5,6,5,3,0,1,0,0,0,0,0
5,8,7,4,4,1055,1,2263,3318,2,4,7,3,2,0,0,0,1,0,0,0
10,4,39,3,3,546,1,1344,1890,1,3,6,3,0,0,0,0,0,0,0,1
10,4,39,3,4,630,1,630,1260,1,3,3,0,1,0,1,0,0,0,0,0
19,5,49,3,3,1134,1,1803,2937,2,3,8,3,2,0,1,0,0,0,0,0
14,6,42,3,3,800,1,1632,2432,1,4,7,0,2,0,1,0,0,0,0,0
16,6,4,4,4,1306,1,1306,2612,2,4,5,4,2,0,1,0,0,0,0,0
20,7,18,3,4,1475,1,2329,3804,2,4,10,5,2,0,1,0,0,0,0,0
14,8,28,4,4,2524,1,2524,5048,2,4,9,4,2,0,1,0,0,0,0,0
7,3,54,3,0,0,1,1733,1733,2,3,8,4,2,0,1,0,0,0,0,0
22,9,1,4,5,1992,1,2868,4860,3,5,11,4,3,0,0,0,1,0,0,0
5,5,14,3,4,990,1,990,1980,1,3,5,0,2,0,0,0,0,0,1,0
11,5,49,3,0,0,1,1771,1771,1,3,9,3,2,0,1,0,0,0,0,0
7,4,64,3,0,0,1,930,930,1,4,6,0,1,0,0,0,0,0,1,0
8,7,0,4,4,1302,1,1302,2604,2,4,6,0,2,0,1,0,0,0,0,0
5,7,0,4,4,1316,1,1316,2632,2,4,6,4,2,0,1,0,0,0,0,0
12,6,43,3,3,816,1,1977,2793,1,3,9,3,2,0,1,0,0,0,0,0
7,5,53,3,3,1216,1,1526,2742,1,3,7,4,1,0,0,1,0,0,0,0
5,8,4,4,4,1065,1,1989,3054,2,4,7,4,2,0,1,0,0,0,0,0
14,6,32,3,4,1193,1,1523,2716,2,3,7,3,2,0,1,0,0,0,0,0
16,7,1,4,4,1364,1,1364,2728,2,4,6,4,2,0,1,0,0,0,0,0
15,7,15,4,4,973,1,1850,2823,2,4,7,4,2,0,0,0,1,0,0,0
16,9,1,5,5,1104,1,2184,3288,2,5,10,4,3,0,1,0,0,0,0,0
6,6,75,3,3,854,1,1991,2845,1,3,7,4,2,0,0,0,0,0,1,0
22,8,9,4,4,1338,1,1338,2676,2,4,6,0,2,0,1,0,0,0,0,0
9,3,73,2,3,894,1,894,1788,1,3,6,0,3,0,0,0,0,0,1,0
17,5,107,3,3,662,0,2337,2999,2,3,10,0,2,0,0,0,0,0,1,0
17,6,81,3,3,1103,1,1103,2206,1,4,5,4,2,0,0,0,0,0,1,0
12,5,43,3,3,1154,1,1154,2308,1,3,6,1,2,0,1,0,0,0,0,0
4,7,14,4,5,1306,1,2260,3566,2,4,7,0,2,0,1,0,0,0,0,0
8,6,16,4,4,799,1,1571,2370,2,3,7,3,2,0,1,0,0,0,0,0
12,6,44,3,3,780,1,1611,2391,1,3,7,0,2,0,1,0,0,0,0,0
10,6,33,3,4,942,1,2521,3463,2,3,10,4,2,0,1,0,0,0,0,0
12,5,58,3,3,845,1,893,1738,1,4,4,0,2,0,0,0,0,0,1,0
12,5,51,3,3,1048,1,1048,2096,1,3,6,0,1,0,1,0,0,0,0,0
14,6,41,3,3,727,1,1556,2283,1,3,8,0,2,0,1,0,0,0,0,0
7,5,58,3,2,810,1,1456,2266,1,3,7,3,1,0,0,0,0,0,1,0
7,6,32,3,3,690,1,1426,2116,1,3,6,0,2,0,1,0,0,0,0,0
5,7,1,4,4,1240,1,1240,2480,2,4,5,0,3,0,1,0,0,0,0,0
6,7,67,3,3,800,1,1740,2540,1,3,6,4,1,0,1,0,0,0,0,0
17,5,70,3,2,796,1,1466,2262,2,4,7,3,2,0,1,0,0,0,0,0
12,5,37,3,3,1096,1,1096,2192,1,3,6,0,1,0,1,0,0,0,0,0
5,6,2,4,4,848,1,848,1696,1,4,3,4,2,0,1,0,0,0,0,0
5,5,13,3,4,990,1,990,1980,1,3,5,0,1,0,1,0,0,0,0,0
14,6,37,4,3,1258,1,1258,2516,2,4,5,0,2,0,1,0,0,0,0,0
19,5,47,3,3,1040,1,1040,2080,1,3,5,0,1,0,1,0,0,0,0,0
5,7,5,4,4,1459,1,1459,2918,2,4,6,4,2,0,1,0,0,0,0,0
12,6,42,3,3,1251,1,1251,2502,1,3,6,4,1,0,1,0,0,0,0,0
8,6,11,3,4,691,1,1498,2189,2,3,6,3,2,0,1,0,0,0,0,0
20,6,18,3,4,936,1,996,1932,1,4,5,0,2,0,1,0,0,0,0,0
10,4,37,3,3,546,1,1092,1638,1,3,6,0,1,0,1,0,0,0,0,0
21,8,4,4,4,1082,1,1953,3035,2,4,9,4,3,0,1,0,0,0,0,0
7,7,2,4,4,970,1,1709,2679,2,4,7,0,2,0,0,0,0,0,1,0
21,8,1,4,4,1247,1,1247,2494,1,4,4,4,2,0,1,0,0,0,0,0
12,3,59,3,0,0,0,1040,1040,2,3,6,0,2,0,0,0,0,0,1,0
21,7,9,4,4,600,1,1252,1852,2,4,4,0,2,0,0,0,0,0,1,0
18,6,83,3,3,1181,1,1694,2875,2,3,7,4,2,0,0,0,0,0,1,0
12,5,41,3,3,864,1,1200,2064,1,4,6,0,2,0,0,0,0,0,1,0
12,5,54,3,3,936,1,936,1872,1,3,4,0,1,0,1,0,0,0,0,0
5,6,1,4,4,1314,1,1314,2628,2,4,6,4,2,0,1,0,0,0,0,0
9,6,93,3,3,684,1,1355,2039,1,4,7,0,0,0,0,0,0,0,0,1
22,8,21,4,4,1074,1,1088,2162,1,4,5,0,2,0,1,0,0,0,0,0
3,4,73,3,3,672,1,1324,1996,1,3,6,0,1,0,0,0,0,0,1,0
14,7,31,3,4,1271,1,1601,2872,2,3,7,3,2,0,1,0,0,0,0,0
18,2,89,3,3,290,0,438,728,1,2,3,0,1,0,0,0,0,0,1,0
12,5,36,3,3,950,1,950,1900,1,3,5,0,1,0,0,0,0,0,1,0
12,5,47,3,3,1010,1,1134,2144,1,3,6,0,1,0,1,0,0,0,0,0
12,6,47,3,3,655,1,1194,1849,1,3,6,2,2,0,0,0,1,0,0,0
2,5,37,3,3,630,1,1302,1932,2,3,6,0,2,0,0,0,0,0,1,0
15,8,16,4,5,1463,1,2622,4085,2,4,9,3,2,0,1,0,0,0,0,0
20,7,17,4,4,910,1,1442,2352,2,4,6,3,2,0,1,0,0,0,0,0
8,7,0,4,5,868,1,2021,2889,2,4,9,4,2,0,0,0,1,0,0,0
8,6,7,3,4,924,1,1690,2614,2,3,7,3,2,0,1,0,0,0,0,0
16,8,5,4,5,1836,1,1836,3672,2,4,7,4,3,0,1,0,0,0,0,0
8,6,13,3,4,773,1,1658,2431,2,3,8,3,2,0,1,0,0,0,0,0
14,7,32,3,3,803,1,1964,2767,2,3,8,4,2,0,1,0,0,0,0,0
12,5,49,3,3,816,1,816,1632,1,3,5,0,1,0,0,0,0,0,1,0
12,5,54,3,3,1008,1,1008,2016,1,4,6,0,1,0,1,0,0,0,0,0
17,5,52,3,3,833,1,833,1666,1,4,4,0,1,0,0,0,0,0,1,0
16,8,0,4,5,1734,1,1734,3468,2,5,7,4,3,0,1,0,0,0,0,0
8,8,7,4,4,408,1,1419,1827,2,4,7,3,2,0,0,0,1,0,0,0
19,5,41,3,3,894,1,894,1788,1,4,5,0,2,0,1,0,0,0,0,0
19,5,50,3,3,533,1,1601,2134,1,3,6,0,1,0,0,0,1,0,0,0
12,5,47,3,3,1040,1,1040,2080,1,3,6,0,1,0,1,0,0,0,0,0
9,6,87,3,3,1012,1,1012,2024,1,3,6,4,1,0,0,0,0,0,1,0
5,7,1,4,4,1552,1,1552,3104,2,4,7,0,3,0,1,0,0,0,0,0
7,4,53,3,3,672,1,960,1632,1,3,5,0,1,0,0,1,0,0,0,0
7,5,62,3,3,698,1,698,1396,1,3,4,0,0,0,0,0,0,0,0,1
8,7,15,3,4,384,1,1482,1866,2,4,7,3,2,0,1,0,0,0,0,0
12,4,54,3,3,1005,1,1005,2010,1,2,5,3,2,0,0,0,0,0,1,0
0,7,2,4,4,1373,1,1555,2928,2,4,7,3,3,0,1,0,0,0,0,0
8,7,3,4,4,1530,1,1530,3060,2,4,7,4,3,0,1,0,0,0,0,0
8,7,3,4,4,847,1,1959,2806,2,4,8,4,2,0,0,0,1,0,0,0
17,5,27,3,4,936,1,936,1872,1,3,4,0,2,0,0,0,0,0,1,0
18,4,81,3,3,1122,1,1981,3103,2,4,7,3,2,0,0,0,0,0,1,0
11,5,16,3,4,974,1,974,1948,1,3,5,0,0,0,0,0,0,0,0,1
17,6,127,3,3,1008,1,2210,3218,2,2,8,0,1,0,0,0,0,0,1,0
20,8,14,4,4,1128,1,2020,3148,2,4,8,3,2,0,1,0,0,0,0,0
8,6,10,3,4,916,1,1600,2516,2,3,7,3,2,0,1,0,0,0,0,0
3,6,81,3,3,960,0,986,1946,1,3,5,4,1,0,0,0,0,0,1,0
12,6,58,3,3,1032,1,1252,2284,1,3,6,0,1,0,1,0,0,0,0,0
19,5,135,3,3,780,0,1020,1800,1,3,6,0,0,0,0,0,0,0,0,1
11,6,32,3,3,1567,1,1567,3134,2,4,5,3,2,0,1,0,0,0,0,0
3,5,87,3,3,915,1,1167,2082,1,3,6,4,2,0,0,0,0,0,1,0
12,5,57,3,3,952,1,952,1904,1,3,4,0,2,0,0,0,0,0,1,0
14,5,33,3,3,780,1,1868,2648,2,4,9,3,2,0,1,0,0,0,0,0
5,8,1,4,5,1466,1,2828,4294,3,4,11,3,3,0,0,0,1,0,0,0
19,5,49,3,3,1006,1,1006,2012,1,3,5,0,0,0,0,0,0,0,0,1
7,4,69,3,4,672,0,924,1596,1,2,5,0,1,0,0,0,0,0,1,0
3,5,78,3,3,1042,1,1576,2618,1,3,8,4,1,0,0,0,0,0,1,0
20,6,21,4,4,1298,1,1298,2596,2,4,5,3,2,0,1,0,0,0,0,0
6,7,68,3,3,704,1,1564,2268,1,2,7,4,1,0,1,0,0,0,0,0
17,7,82,3,3,572,1,1111,1683,1,3,5,4,1,0,0,0,0,0,1,0
17,7,89,3,3,650,1,1482,2132,1,3,7,0,2,0,0,0,0,0,1,0
12,6,57,3,3,932,1,932,1864,1,4,4,4,1,0,1,0,0,0,0,0
7,5,47,3,3,1466,1,1466,2932,1,2,6,4,2,0,1,0,0,0,0,0
6,6,50,3,3,1073,1,1811,2884,1,5,6,4,2,0,1,0,0,0,0,0
9,6,78,4,3,816,1,816,1632,1,3,5,0,1,0,0,0,0,0,1,0
12,7,43,3,3,864,1,1820,2684,1,4,8,4,2,0,1,0,0,0,0,0
24,5,31,4,4,1437,1,1437,2874,2,4,6,2,2,0,1,0,0,0,0,0
12,5,43,3,3,1219,1,1265,2484,2,4,6,4,2,0,1,0,0,0,0,0
16,7,2,4,4,1314,1,1314,2628,2,4,6,4,2,0,1,0,0,0,0,0
21,8,1,4,4,1580,1,1580,3160,2,4,7,0,3,0,1,0,0,0,0,0
14,6,34,4,3,901,1,1876,2777,2,4,8,3,2,0,1,0,0,0,0,0
13,6,32,3,4,855,1,1456,2311,2,3,7,3,2,0,1,0,0,0,0,0
6,6,54,4,3,1296,1,1640,2936,1,4,7,4,2,0,0,0,0,0,1,0
19,5,39,3,4,894,1,894,1788,1,3,5,1,2,0,1,0,0,0,0,0
19,4,39,3,4,1198,1,1258,2456,0,3,6,0,2,0,0,0,0,1,0,0
24,5,29,3,4,1360,1,1432,2792,1,4,5,3,2,0,1,0,0,0,0,0
16,7,0,4,4,1502,1,1502,3004,2,4,7,0,2,0,1,0,0,0,0,0
5,8,2,4,4,1694,1,1694,3388,2,4,7,0,3,0,1,0,0,0,0,0
8,6,6,3,4,959,1,1671,2630,2,3,7,3,2,0,1,0,0,0,0,0
7,6,73,3,3,1127,1,2108,3235,2,4,7,3,2,0,0,1,0,0,0,0
15,10,11,4,5,1930,1,3627,5557,3,4,10,3,3,0,1,0,0,0,0,0
11,6,31,3,3,1096,1,1118,2214,1,3,6,1,1,0,1,0,0,0,0,0
12,6,50,3,3,1261,1,1261,2522,1,3,6,3,2,0,1,0,0,0,0,0
21,7,2,4,4,625,1,1250,1875,2,4,5,0,2,0,0,0,0,0,1,0
4,5,61,3,3,1598,1,3086,4684,3,5,12,4,0,0,0,0,0,0,0,1
6,6,74,3,4,952,1,2345,3297,2,3,9,4,2,0,0,0,0,0,1,0
15,8,15,4,4,1683,1,2872,4555,2,4,9,3,2,0,1,0,0,0,0,0
11,5,24,3,3,876,1,923,1799,1,3,5,0,1,0,1,0,0,0,0,0
17,6,83,3,3,818,1,1224,2042,1,3,5,0,1,0,0,0,0,0,1,0
6,5,88,3,3,731,1,1343,2074,1,3,7,4,1,0,0,0,0,0,1,0
7,5,52,3,0,0,1,1124,1124,1,3,5,4,0,0,0,0,0,0,0,1
23,7,16,3,4,1216,1,2514,3730,2,3,8,0,2,0,1,0,0,0,0,0
6,8,0,5,5,1600,1,1652,3252,2,4,5,4,2,0,1,0,0,0,0,0
15,10,11,4,5,2396,1,4476,6872,3,5,10,3,3,0,1,0,0,0,0,0
17,5,86,3,3,1120,1,1130,2250,1,3,5,4,2,0,0,0,0,0,1,0
23,5,44,3,3,1572,1,1572,3144,1,3,5,3,3,1,0,0,0,0,0,0
7,5,82,3,3,784,1,1221,2005,1,3,7,0,1,0,1,0,0,0,0,0
17,3,109,3,2,978,1,1699,2677,2,3,7,0,2,0,0,0,0,1,0,0
15,8,12,4,4,1624,1,1624,3248,2,4,5,2,3,0,1,0,0,0,0,0
5,7,7,4,4,831,1,1660,2491,2,4,7,0,2,0,1,0,0,0,0,0
8,7,11,3,3,994,1,1804,2798,2,4,7,3,2,0,1,0,0,0,0,0
11,4,46,3,3,1249,1,1622,2871,1,3,7,3,4,1,0,0,0,0,0,0
21,8,8,4,4,776,1,1441,2217,2,4,5,0,2,0,0,0,0,0,1,0
17,5,82,3,3,702,1,1472,2174,1,4,6,0,1,0,0,0,0,0,1,0
11,6,10,3,5,1224,1,1224,2448,2,3,5,0,2,0,1,0,0,0,0,0
19,6,41,3,3,663,1,1352,2015,1,3,7,0,1,0,1,0,0,0,0,0
8,6,3,3,4,728,1,1456,2184,2,4,8,0,2,0,1,0,0,0,0,0
8,7,0,4,4,879,1,1863,2742,2,4,9,4,3,0,0,0,1,0,0,0
17,7,90,3,3,815,1,1690,2505,1,3,7,4,1,0,0,0,0,0,1,0
5,7,8,4,4,1212,1,1212,2424,2,4,6,0,2,0,1,0,0,0,0,0
19,4,43,3,3,1051,1,1382,2433,1,3,6,1,2,0,1,0,0,0,0,0
12,4,36,3,3,864,1,864,1728,1,3,5,0,1,0,1,0,0,0,0,0
5,7,11,3,4,866,1,1779,2645,2,4,6,0,2,0,1,0,0,0,0,0
3,5,84,3,3,884,1,1348,2232,1,3,5,2,1,0,0,0,0,0,1,0
5,7,9,4,4,1630,1,1630,3260,2,4,6,3,2,0,1,0,0,0,0,0
14,5,31,3,4,1056,1,1074,2130,1,3,6,0,2,0,1,0,0,0,0,0
20,7,19,4,4,2158,1,2196,4354,2,4,7,3,3,0,1,0,0,0,0,0
20,4,40,3,3,1056,1,1056,2112,1,3,5,0,1,0,0,0,0,0,1,0
5,6,3,4,4,1682,1,1700,3382,2,4,7,0,2,0,1,0,0,0,0,0
12,5,46,3,3,931,1,1283,2214,1,3,6,0,2,0,0,0,0,0,1,0
21,8,0,4,5,1660,1,1660,3320,2,4,8,4,2,0,1,0,0,0,0,0
20,6,18,4,4,1055,1,1845,2900,2,4,8,3,2,0,1,0,0,0,0,0
8,8,22,4,4,559,1,1752,2311,2,3,8,0,2,0,0,1,0,0,0,0
7,4,68,3,3,672,1,672,1344,1,3,4,0,1,0,1,0,0,0,0,0
19,4,41,3,3,648,1,960,1608,0,3,3,0,1,0,1,0,0,0,0,0
12,5,44,3,3,925,1,999,1924,1,3,6,0,1,0,1,0,0,0,0,0
19,5,41,3,3,894,1,894,1788,1,3,5,0,1,0,0,0,0,0,1,0
19,6,32,3,0,0,1,1902,1902,2,3,8,0,2,0,1,0,0,0,0,0
21,8,0,4,4,1300,1,1314,2614,2,4,6,0,2,0,1,0,0,0,0,0
3,4,59,3,0,0,0,912,912,1,3,3,0,0,0,0,0,0,0,0,1
2,6,35,3,3,672,1,1218,1890,1,3,7,0,0,0,0,0,0,0,0,1
12,5,42,3,3,912,1,912,1824,1,3,5,0,1,0,1,0,0,0,0,0
19,5,40,3,3,952,1,1211,2163,1,3,5,3,1,0,1,0,0,0,0,0
12,6,58,3,3,1040,1,1846,2886,2,3,7,4,1,0,1,0,0,0,0,0
12,5,55,3,3,2136,0,2136,4272,2,3,7,0,2,0,0,0,0,0,1,0
8,7,4,4,4,788,1,1490,2278,2,4,8,4,2,0,1,0,0,0,0,0
12,6,49,3,3,588,1,1138,1726,1,3,6,0,1,0,1,0,0,0,0,0
21,6,1,4,4,894,1,1933,2827,2,4,9,4,3,0,0,0,1,0,0,0
12,5,43,3,3,912,1,912,1824,1,4,5,0,2,0,0,0,0,0,1,0
16,9,0,5,5,1702,1,1702,3404,1,5,7,4,3,0,1,0,0,0,0,0
12,5,48,3,3,1075,1,1507,2582,2,3,7,0,1,0,0,1,0,0,0,0
19,5,30,3,4,1361,1,2620,3981,2,3,12,3,2,0,0,0,1,0,0,0
12,5,44,3,3,1106,1,1190,2296,1,3,6,0,2,0,1,0,0,0,0,0
12,4,45,3,0,0,1,1224,1224,2,3,6,0,2,0,0,0,0,1,0,0
12,5,51,3,3,1188,1,1188,2376,1,3,6,0,2,0,1,0,0,0,0,0
18,5,97,3,3,940,0,1964,2904,1,3,7,0,0,0,0,0,0,0,0,1
6,5,92,3,4,747,1,1784,2531,1,3,9,0,1,0,0,0,0,0,1,0
16,7,7,4,4,764,1,1626,2390,2,4,6,0,2,0,0,0,1,0,0,0
5,7,2,4,4,847,1,1948,2795,2,4,8,4,2,0,0,0,1,0,0,0
20,6,1,4,4,1141,1,1141,2282,1,3,6,0,2,0,0,0,0,0,1,0
23,8,1,4,4,1476,1,1484,2960,2,5,6,4,2,0,1,0,0,0,0,0
5,7,5,4,4,884,1,1768,2652,2,4,8,0,2,0,1,0,0,0,0,0
21,7,0,4,4,1689,1,1689,3378,2,4,7,0,3,0,1,0,0,0,0,0
14,7,36,3,4,1053,1,1173,2226,2,4,6,3,2,0,1,0,0,0,0,0
16,10,0,5,5,2076,1,2076,4152,2,5,7,4,3,0,1,0,0,0,0,0
6,8,77,3,4,792,1,1517,2309,1,4,7,4,2,0,0,0,0,0,1,0
14,6,23,3,4,585,1,1868,2453,3,3,7,3,2,0,0,0,1,0,0,0
21,7,1,4,4,756,1,1553,2309,2,4,6,0,2,0,1,0,0,0,0,0
11,6,34,3,3,1012,1,1034,2046,1,3,6,0,3,0,1,0,0,0,0,0
17,6,91,3,4,735,0,2058,2793,1,3,8,4,2,0,0,0,0,0,1,0
12,5,57,3,3,876,1,988,1864,1,3,6,0,1,0,1,0,0,0,0,0
12,7,42,4,3,2110,1,2110,4220,2,5,8,3,2,0,1,0,0,0,0,0
16,7,3,4,4,1405,1,1405,2810,2,4,6,4,2,0,1,0,0,0,0,0
11,5,41,3,3,864,1,874,1738,1,3,5,0,1,0,1,0,0,0,0,0
24,7,33,4,3,1192,1,2167,3359,2,4,9,4,2,0,1,0,0,0,0,0
7,7,5,4,4,746,1,1656,2402,2,4,7,4,2,0,0,0,1,0,0,0
3,6,76,3,3,884,1,1367,2251,1,3,6,4,1,0,0,0,0,0,1,0
15,8,14,4,4,1986,1,1987,3973,2,4,7,3,2,0,1,0,0,0,0,0
7,5,87,3,2,864,1,864,1728,1,3,4,0,0,0,0,0,0,0,0,1
8,7,3,4,4,856,1,1166,2022,2,4,5,0,2,0,1,0,0,0,0,0
12,6,39,3,4,1054,1,1054,2108,1,3,6,0,2,0,1,0,0,0,0,0
8,6,10,3,4,841,1,1675,2516,2,3,7,3,2,0,0,0,1,0,0,0
12,5,53,3,3,1050,1,1050,2100,1,3,5,0,1,0,1,0,0,0,0,0
4,4,52,3,3,1104,1,1788,2892,1,3,8,3,1,0,1,0,0,0,0,0
3,6,88,3,3,764,1,1824,2588,1,3,8,4,2,0,0,0,0,0,1,0
12,6,10,4,4,1405,1,1337,2742,2,4,5,0,2,0,1,0,0,0,0,0
21,7,7,4,4,691,1,1452,2143,2,4,6,0,2,0,0,0,0,0,1,0
17,7,97,2,3,925,0,1889,2814,1,3,9,4,1,0,0,0,0,0,1,0
23,9,2,5,5,2002,1,2018,4020,2,5,10,4,3,0,1,0,0,0,0,0
6,8,73,3,3,728,1,3447,4175,3,4,11,4,3,0,0,0,1,0,0,0
12,5,49,3,3,874,1,1524,2398,1,3,7,0,1,0,1,0,0,0,0,0
4,7,31,4,4,1332,1,1524,2856,0,4,4,3,2,0,1,0,0,0,0,0
14,6,41,3,3,1489,1,1489,2978,2,4,7,4,2,0,1,0,0,0,0,0
19,5,41,3,3,935,1,935,1870,1,3,5,0,1,0,1,0,0,0,0,0
7,6,49,3,3,1019,1,1357,2376,1,5,5,4,1,0,0,1,0,0,0,0
6,5,97,3,3,661,1,1250,1911,2,3,8,4,2,0,0,0,0,0,1,0
12,5,59,3,3,928,1,1920,2848,2,3,10,0,2,0,0,0,0,0,1,0
14,6,37,3,3,723,1,1395,2118,1,3,6,3,2,0,1,0,0,0,0,0
14,6,42,3,4,1680,1,1724,3404,1,3,7,4,2,0,1,0,0,0,0,0
5,8,6,4,4,1128,1,2031,3159,2,4,7,4,2,0,1,0,0,0,0,0
9,4,90,3,3,698,1,1128,1826,1,3,6,0,2,0,0,0,0,0,1,0
5,7,7,4,4,1573,1,1573,3146,2,4,6,0,2,0,1,0,0,0,0,0
23,7,16,3,4,1309,1,1339,2648,2,3,6,3,2,0,1,0,0,0,0,0
5,5,32,3,4,1040,1,1040,2080,2,4,5,0,2,0,0,0,0,0,1,0
11,6,39,3,3,912,1,1824,2736,2,3,8,0,0,0,0,0,0,0,0,1
18,6,91,3,3,804,1,2447,3251,2,4,10,4,1,0,0,0,0,0,1,0
3,6,70,3,3,780,1,1412,2192,1,3,6,4,1,0,0,0,0,0,1,0
14,6,47,3,3,1328,1,1328,2656,1,3,6,4,2,0,1,0,0,0,0,0
4,5,42,3,3,1624,1,1582,3206,2,3,7,0,2,0,1,0,0,0,0,0
22,8,9,4,4,1501,1,1659,3160,2,5,5,5,2,0,1,0,0,0,0,0
16,8,0,4,4,1085,1,1970,3055,2,5,8,4,3,0,0,0,1,0,0,0
12,5,46,3,3,1152,1,1152,2304,1,3,6,4,2,0,1,0,0,0,0,0
2,5,37,3,3,630,1,1302,1932,2,3,6,0,1,0,0,0,0,0,1,0
17,5,117,3,3,994,0,2372,3366,2,3,11,0,1,0,1,0,0,0,0,0
14,7,30,3,4,832,1,1664,2496,2,3,8,3,2,0,1,0,0,0,0,0
7,5,51,3,3,864,1,864,1728,1,3,5,0,2,0,0,0,0,0,1,0
12,5,38,3,3,1052,1,1052,2104,1,3,5,0,1,0,1,0,0,0,0,0
12,5,45,3,3,1120,1,1128,2248,2,3,6,0,2,0,1,0,0,0,0,0
7,6,1,3,4,547,1,1072,1619,2,3,5,0,2,0,0,1,0,0,0,0
7,10,0,5,5,6110,1,5642,11752,2,5,12,4,2,0,1,0,0,0,0,0
12,5,51,3,3,1246,1,1246,2492,1,4,6,0,1,0,1,0,0,0,0,0
8,7,10,4,4,978,1,1983,2961,2,4,9,3,2,0,1,0,0,0,0,0
6,6,67,3,3,771,1,1494,2265,1,4,7,4,1,0,1,0,0,0,0,0
15,8,12,4,4,1165,1,2526,3691,2,4,8,3,3,0,1,0,0,0,0,0
21,7,1,4,4,1616,1,1616,3232,2,4,7,0,3,0,1,0,0,0,0,0
7,7,2,4,4,976,1,1708,2684,2,4,7,0,2,0,0,0,0,0,1,0
16,9,3,4,5,1652,1,1652,3304,2,5,6,5,2,0,1,0,0,0,0,0
16,7,1,4,4,1368,1,1368,2736,2,4,6,4,2,0,1,0,0,0,0,0
5,5,15,3,4,990,1,990,1980,1,3,5,0,2,0,0,0,0,0,1,0
17,5,60,3,3,924,1,1122,2046,1,4,6,0,2,0,1,0,0,0,0,0
20,6,17,3,4,1278,1,1294,2572,2,4,6,0,2,0,1,0,0,0,0,0
6,7,51,4,4,1902,1,1902,3804,2,5,7,3,2,0,1,0,0,0,0,0
5,7,2,4,4,1274,1,1274,2548,2,4,6,0,2,0,1,0,0,0,0,0
15,8,17,4,5,1453,1,2810,4263,2,4,9,5,2,0,1,0,0,0,0,0
15,9,11,4,4,1393,1,2599,3992,2,4,10,3,3,0,0,0,1,0,0,0
7,4,53,3,3,948,1,948,1896,1,3,5,3,1,0,0,0,0,0,1,0
12,6,39,3,2,952,1,2112,3064,2,3,9,4,2,0,1,0,0,0,0,0
5,8,1,4,5,1622,1,1630,3252,2,5,8,4,3,0,1,0,0,0,0,0
21,7,1,4,5,1352,1,1352,2704,2,4,5,4,2,0,1,0,0,0,0,0
5,8,5,4,4,1753,1,1787,3540,2,4,7,3,3,0,1,0,0,0,0,0
7,4,53,3,3,864,1,948,1812,1,3,5,0,1,0,1,0,0,0,0,0
12,6,52,3,3,1478,1,1478,2956,1,3,6,4,2,0,1,0,0,0,0,0
3,3,59,3,0,0,0,720,720,1,3,4,0,1,0,0,0,0,0,1,0
15,7,18,4,4,750,1,1923,2673,2,4,8,3,2,0,1,0,0,0,0,0
3,4,69,2,3,420,1,708,1128,1,2,5,0,0,0,0,0,0,0,0,1
21,8,1,4,5,1795,1,1795,3590,2,4,7,4,3,0,1,0,0,0,0,0
9,4,86,3,3,796,0,796,1592,1,3,5,0,0,0,0,0,0,0,0,1
7,3,76,3,3,544,1,774,1318,1,4,6,0,0,0,0,0,0,0,0,1
11,5,26,4,3,816,1,816,1632,1,4,5,5,1,0,1,0,0,0,0,0
17,6,88,4,4,1510,1,2792,4302,2,3,8,3,2,0,0,0,0,0,1,0
8,7,8,3,4,935,1,1632,2567,2,3,8,3,2,0,1,0,0,0,0,0
21,8,1,4,4,1588,1,1588,3176,2,4,7,4,3,0,1,0,0,0,0,0
5,5,30,3,3,911,1,954,1865,1,3,6,0,2,0,0,0,0,0,1,0
7,4,71,3,3,816,1,816,1632,1,3,3,4,1,0,0,0,0,0,1,0
9,5,68,3,3,803,1,1360,2163,1,4,6,0,1,0,0,0,0,0,1,0
2,5,39,3,3,765,1,1365,2130,1,3,7,0,2,0,1,0,0,0,0,0
14,6,32,3,4,1350,1,1334,2684,2,3,6,3,2,0,1,0,0,0,0,0
14,5,35,3,3,1656,1,1656,3312,2,3,8,0,2,0,0,0,0,0,1,0
17,4,65,3,3,693,0,693,1386,1,2,4,0,0,0,0,0,0,0,0,1
5,7,4,4,4,916,1,1861,2777,2,4,8,0,2,0,0,0,1,0,0,0
5,5,34,3,3,864,1,864,1728,1,3,5,0,1,0,1,0,0,0,0,0
12,4,36,3,3,858,1,872,1730,1,3,5,0,4,0,0,0,0,0,1,0
20,6,5,3,4,1114,1,1114,2228,1,4,6,0,2,0,0,0,0,0,1,0
5,8,5,4,4,1284,1,2169,3453,2,4,7,4,2,0,1,0,0,0,0,0
6,6,81,3,3,896,1,1913,2809,1,3,9,3,2,0,0,0,0,0,1,0
5,7,1,4,4,728,1,1456,2184,2,4,8,3,2,0,1,0,0,0,0,0
17,4,87,3,3,960,1,960,1920,1,2,5,0,1,0,0,0,0,0,1,0
14,7,38,3,3,1568,1,2156,3724,2,3,9,4,2,0,1,0,0,0,0,0
23,8,1,4,5,1732,1,1776,3508,2,4,7,4,3,0,1,0,0,0,0,0
20,7,9,4,4,1482,1,1494,2976,2,4,5,2,2,0,1,0,0,0,0,0
17,8,136,3,3,684,0,2358,3042,2,3,8,0,0,0,0,0,0,0,0,1
12,5,40,3,3,1248,1,2634,3882,2,3,12,0,4,0,0,0,0,0,1,0
12,6,46,3,3,858,1,1716,2574,1,3,8,4,2,0,1,0,0,0,0,0
3,6,72,4,3,698,1,1176,1874,1,3,4,0,2,0,0,0,0,0,1,0
15,8,15,4,4,2033,1,3238,5271,2,4,9,5,3,0,1,0,0,0,0,0
5,7,8,4,4,992,1,1865,2857,2,4,7,3,3,0,1,0,0,0,0,0
14,7,38,3,3,570,1,1920,2490,3,4,8,3,2,0,1,0,0,0,0,0
12,5,42,3,3,864,1,892,1756,1,3,5,0,1,0,1,0,0,0,0,0
12,5,39,3,3,1078,1,1078,2156,1,3,6,2,2,0,1,0,0,0,0,0
21,6,10,4,4,756,1,1573,2329,2,4,5,0,2,0,0,0,0,0,1,0
16,9,2,4,5,1980,1,1980,3960,2,5,8,4,3,0,1,0,0,0,0,0
18,5,87,3,3,612,1,2601,3213,3,3,8,0,2,0,0,0,1,0,0,0
22,7,4,4,5,1530,1,1530,3060,2,4,7,4,2,0,1,0,0,0,0,0
12,4,89,3,3,715,1,1738,2453,2,3,7,4,1,0,1,0,0,0,0,0
8,6,1,3,4,616,1,1412,2028,2,4,6,4,2,0,0,0,1,0,0,0
21,7,1,4,4,600,1,1200,1800,2,4,4,0,2,0,0,0,0,0,1,0
21,7,10,4,4,814,1,1674,2488,2,4,7,0,2,0,1,0,0,0,0,0
5,7,9,4,4,873,1,1790,2663,2,4,7,0,2,0,1,0,0,0,0,0
10,5,29,3,3,757,1,1475,2232,2,3,6,3,1,0,1,0,0,0,0,0
5,6,6,4,4,848,1,848,1696,1,4,4,0,2,0,1,0,0,0,0,0
5,8,7,4,4,1657,1,1668,3325,2,4,8,3,2,0,1,0,0,0,0,0
17,4,89,2,3,840,1,1374,2214,1,3,6,0,1,0,0,0,0,0,1,0
12,6,53,3,3,992,1,1661,2653,1,4,8,3,1,0,0,0,1,0,0,0
5,7,8,3,4,1108,1,2097,3205,2,4,8,3,2,0,0,0,0,0,1,0
15,10,6,5,5,2633,1,2633,5266,2,5,8,4,3,0,1,0,0,0,0,0
21,7,3,4,4,1026,1,1958,2984,2,4,9,4,3,0,1,0,0,0,0,0
23,8,0,4,4,1571,1,1571,3142,2,4,7,4,3,0,1,0,0,0,0,0
18,6,78,3,4,768,0,790,1558,1,3,4,0,1,0,0,0,0,0,1,0
7,5,68,3,3,984,1,1604,2588,2,3,6,0,2,0,0,0,0,0,1,0
2,6,33,3,3,483,1,987,1470,1,3,5,0,1,0,0,0,0,0,1,0
23,5,2,3,4,384,1,1394,1778,2,4,7,0,2,0,0,0,1,0,0,0
7,3,96,3,3,864,0,864,1728,1,3,5,0,1,0,0,0,0,0,1,0
12,6,38,3,3,1205,1,2117,3322,2,3,7,4,2,0,1,0,0,0,0,0
17,7,86,3,2,596,1,1762,2358,1,4,8,0,2,0,0,0,0,0,1,0
19,5,89,3,3,816,1,1416,2232,2,4,7,0,2,0,1,0,0,0,0,0
7,6,70,3,3,560,1,1258,1818,1,3,6,0,1,0,0,0,0,0,1,0
9,4,88,3,3,796,1,1154,1950,1,4,7,0,1,0,0,0,0,0,1,0
14,7,28,3,4,1392,1,2784,4176,3,4,12,3,2,0,1,0,0,0,0,0
17,6,91,3,3,714,0,2526,3240,2,4,10,4,1,0,0,0,0,0,1,0
8,9,3,5,5,1746,1,1746,3492,2,5,7,4,3,0,1,0,0,0,0,0
3,6,66,3,3,735,1,1218,1953,1,3,6,4,2,0,0,0,0,0,1,0
5,7,6,4,4,1525,1,1525,3050,2,4,6,0,2,0,1,0,0,0,0,0
12,5,42,3,3,1584,1,1584,3168,2,3,8,0,3,0,0,0,0,0,1,0
12,5,39,3,3,864,1,900,1764,1,3,6,1,1,0,1,0,0,0,0,0
17,6,103,3,2,482,0,1912,2394,2,3,7,3,2,0,0,0,0,0,1,0
0,7,0,4,4,1356,1,1500,2856,2,4,6,4,3,0,1,0,0,0,0,0
23,8,2,4,4,1094,1,2482,3576,2,4,9,4,3,0,0,0,1,0,0,0
23,5,62,3,3,747,1,1687,2434,1,3,7,3,2,0,0,0,0,0,1,0
3,5,87,3,3,939,1,1513,2452,1,3,8,0,1,0,0,0,0,0,1,0
12,5,59,3,3,1208,1,1904,3112,1,3,7,0,1,0,1,0,0,0,0,0
18,6,84,3,3,976,1,1608,2584,2,4,7,4,1,0,0,0,0,0,1,0
3,6,79,3,3,862,1,1158,2020,1,3,5,4,1,0,0,0,1,0,0,0
8,6,4,3,3,839,1,1593,2432,2,3,8,3,2,0,1,0,0,0,0,0
5,7,0,4,4,1286,1,1294,2580,2,4,6,4,2,0,1,0,0,0,0,0
21,8,0,4,4,1485,1,1464,2949,2,4,6,0,3,0,1,0,0,0,0,0
17,3,91,3,3,672,1,1214,1886,1,3,6,0,3,0,0,0,0,0,1,0
6,8,4,4,5,1594,1,1646,3240,2,4,5,4,2,0,1,0,0,0,0,0
5,5,37,3,4,768,1,768,1536,1,3,5,0,2,0,0,0,0,0,1,0
11,5,24,3,3,833,1,833,1666,1,3,5,0,0,0,0,0,0,0,0,1
17,4,100,3,2,622,1,1363,1985,1,3,6,0,2,0,0,0,0,0,1,0
14,7,22,3,4,791,1,2093,2884,2,3,7,3,2,0,1,0,0,0,0,0
5,7,8,4,4,944,1,1840,2784,2,4,6,0,2,0,1,0,0,0,0,0
12,6,59,3,3,856,1,1668,2524,1,3,6,0,1,0,1,0,0,0,0,0
12,4,60,3,0,0,0,1040,1040,2,3,6,0,2,0,0,0,0,0,1,0
20,8,4,4,4,1844,1,1844,3688,2,4,7,4,2,0,1,0,0,0,0,0
3,6,85,3,3,833,1,1848,2681,1,4,8,4,2,0,0,0,0,0,1,0
0,7,2,4,4,1386,1,1569,2955,2,4,7,3,3,0,1,0,0,0,0,0
17,4,125,3,3,777,1,2290,3067,2,3,11,0,2,0,0,0,0,0,1,0
15,8,11,4,4,1284,1,2450,3734,2,4,7,3,3,0,1,0,0,0,0,0
12,5,45,3,3,1144,1,1144,2288,1,3,6,0,1,0,0,0,0,0,1,0
6,6,37,4,3,1844,1,1844,3688,2,4,7,3,2,0,1,0,0,0,0,0
14,6,38,3,3,708,1,1416,2124,2,3,7,3,2,0,1,0,0,0,0,0
13,6,33,3,4,1069,1,1069,2138,2,3,4,2,2,0,1,0,0,0,0,0
5,6,5,4,4,848,1,848,1696,1,4,3,0,2,0,1,0,0,0,0,0
7,6,40,4,4,697,1,2201,2898,2,4,8,4,2,0,1,0,0,0,0,0
12,5,49,3,3,1024,1,1344,2368,1,3,6,3,1,0,0,0,0,0,1,0
12,6,49,4,3,1252,1,1252,2504,1,4,7,0,2,0,0,0,0,0,1,0
15,7,14,4,4,1223,1,2127,3350,2,4,5,3,2,0,1,0,0,0,0,0
12,5,63,3,3,913,1,1558,2471,1,3,6,3,1,0,1,0,0,0,0,0
17,5,70,3,3,788,1,804,1592,1,4,4,4,1,0,1,0,0,0,0,0
14,6,26,4,4,1440,1,1440,2880,2,4,7,3,2,0,1,0,0,0,0,0
8,5,1,4,4,732,1,1838,2570,2,3,7,4,2,0,0,0,1,0,0,0
13,6,33,3,4,958,1,958,1916,2,3,5,0,2,0,1,0,0,0,0,0
17,4,80,3,3,656,1,968,1624,2,3,5,0,1,0,0,0,0,0,1,0
8,6,8,3,4,936,1,1792,2728,2,3,8,3,2,0,1,0,0,0,0,0
11,5,29,3,3,1126,1,1126,2252,2,3,5,4,2,0,1,0,0,0,0,0
12,6,46,4,3,1319,1,1537,2856,1,4,7,4,2,0,1,0,0,0,0,0
12,4,36,3,3,864,1,864,1728,1,3,5,0,2,0,0,0,0,0,1,0
16,8,0,5,5,1932,1,1932,3864,2,5,7,4,3,0,1,0,0,0,0,0
17,6,53,3,3,912,1,1236,2148,1,3,6,0,2,0,1,0,0,0,0,0
14,7,28,3,3,539,1,1725,2264,2,3,6,3,2,0,1,0,0,0,0,0
6,6,86,3,5,588,1,2555,3143,2,3,11,4,2,0,0,0,0,0,1,0
5,6,4,4,4,848,1,848,1696,1,4,3,3,2,0,1,0,0,0,0,0
21,10,1,5,5,1017,1,2007,3024,2,5,10,5,3,0,1,0,0,0,0,0
3,6,93,3,3,952,0,952,1904,1,2,4,4,1,0,0,0,0,0,1,0
5,7,3,4,4,1422,1,1422,2844,2,4,7,0,2,0,1,0,0,0,0,0
19,6,41,3,3,814,1,913,1727,1,3,6,0,1,0,0,0,0,0,1,0
11,5,48,3,3,1188,1,1188,2376,1,3,6,0,1,0,1,0,0,0,0,0
5,8,12,4,4,1220,1,2090,3310,2,4,8,3,2,0,1,0,0,0,0,0
7,4,97,3,2,560,0,1346,1906,1,3,6,0,1,0,0,0,0,0,1,0
10,5,36,3,4,630,1,630,1260,1,5,3,0,0,0,0,0,0,0,0,1
12,5,35,3,4,896,1,1792,2688,2,3,8,0,0,0,0,0,0,0,0,1
21,8,1,4,4,1573,1,1578,3151,2,5,7,4,3,0,1,0,0,0,0,0
7,5,1,3,4,547,1,1072,1619,1,3,5,0,2,0,0,1,0,0,0,0
11,5,0,3,4,1140,1,1140,2280,1,3,6,0,0,0,0,0,0,0,0,1
21,7,5,4,4,1221,1,1221,2442,2,4,6,0,2,0,1,0,0,0,0,0
8,6,8,3,4,953,1,1647,2600,2,3,7,3,2,0,1,0,0,0,0,0
14,6,32,3,4,1542,1,2073,3615,2,3,7,3,2,0,1,0,0,0,0,0
6,7,69,5,3,1152,1,2340,3492,2,4,9,4,1,0,1,0,0,0,0,0
12,5,60,3,3,1078,1,1078,2156,1,4,5,0,1,0,1,0,0,0,0,0
7,5,43,4,3,1256,1,1256,2512,1,3,6,0,1,0,1,0,0,0,0,0
